supplierName,seedType,region,price,rating,distance_km,stock,deliveryTime_days,organicCertified,reviews,
Land mark agro Seeds,Cabbage Seed,Anuradhapura,6754,4.2,37,664,1,FALSE,479,9222.4
Green Harvest Agriculture,Pumpkin Seed,Kandy,5791,4.4,6,517,5,TRUE,160,8751.6
Janogali,Potato Seed,Ampara,6858,4.1,8,497,2,TRUE,32,8093.8
Saduthara Plant nursery,Potato Seed,Nuwara Eliya,5707,3.9,3,174,4,FALSE,244,5430.2
Land mark agro Seeds,Potato Seed,Ampara,7811,4.5,46,651,3,FALSE,251,8480.6
Land mark agro Seeds,Corn Seed,Kurunegala,4426,4.9,43,54,5,FALSE,99,3912.6
Purahanda Enterprises,Rice Seed,Anuradhapura,3546,3.6,29,442,3,FALSE,245,8463.6
Green Grove Fertilizer,Carrot Seed,Kandy,7050,3.7,7,400,4,TRUE,349,7079.0
Green Grove Fertilizer,Pumpkin Seed,Monaragala,4185,3.7,34,203,1,TRUE,290,5715.0
Land mark agro Seeds,Corn Seed,Colombo,4663,4.7,3,295,1,FALSE,486,7033.8
Green Harvest Agriculture,Potato Seed,Polonnaruwa,8454,4.7,30,606,1,TRUE,24,8087.4
Janogali,Onion Seed,Matale,7670,4.8,22,382,4,TRUE,405,6318.0
Saduthara Plant nursery,Carrot Seed,Badulla,5668,4.6,60,441,3,TRUE,167,6954.8
Land mark agro Seeds,Chili Seed,Monaragala,5584,3.6,41,176,3,FALSE,31,4748.4
Land mark agro Seeds,Potato Seed,Hambantota,6554,4.6,4,636,2,FALSE,407,9670.4
Purahanda Enterprises,Carrot Seed,Jaffna,7771,3.7,47,182,1,FALSE,465,3810.6
Green Grove Fertilizer,Corn Seed,Kandy,3604,3.8,3,444,1,FALSE,422,8974.4
Land mark agro Seeds,Carrot Seed,Galle,6470,4.8,13,448,4,FALSE,293,7638.0
Green Harvest Agriculture,Bean Seed,Nuwara Eliya,4391,3.6,13,377,3,FALSE,122,7795.6
Janogali,Chili Seed,Galle,6674,3.6,15,616,2,FALSE,168,9232.4
Saduthara Plant nursery,Bean Seed,Matara,6017,4.8,11,318,2,FALSE,77,6559.2
Land mark agro Seeds,Chili Seed,Matale,6486,4.1,58,645,2,TRUE,36,8722.6
Land mark agro Seeds,Bean Seed,Polonnaruwa,6251,5.0,21,74,4,FALSE,487,3819.6
Purahanda Enterprises,Bean Seed,Matale,3840,4.5,41,530,4,FALSE,311,8959.0
Green Grove Fertilizer,Corn Seed,Anuradhapura,3970,3.7,15,490,1,FALSE,427,9051.0
Land mark agro Seeds,Tomato Seed,Ratnapura,5526,4.5,20,545,3,FALSE,148,8854.6
Green Harvest Agriculture,Potato Seed,Jaffna,6796,4.3,10,439,5,TRUE,64,7492.6
Janogali,Rice Seed,Hambantota,5429,4.2,44,665,3,FALSE,490,9622.4
Saduthara Plant nursery,Chili Seed,Colombo,5497,4.0,52,365,5,TRUE,481,6441.2
Land mark agro Seeds,Rice Seed,Hambantota,4484,4.0,44,673,1,TRUE,54,10086.4
Land mark agro Seeds,Carrot Seed,Jaffna,7055,3.6,59,414,1,TRUE,313,6180.0
Purahanda Enterprises,Pumpkin Seed,Hambantota,5920,4.4,48,159,4,FALSE,406,4280.0
Green Grove Fertilizer,Corn Seed,Kandy,3175,4.6,33,131,2,TRUE,44,5392.0
Land mark agro Seeds,Carrot Seed,Kandy,4758,4.2,45,143,2,FALSE,189,4650.8
Green Harvest Agriculture,Cabbage Seed,Nuwara Eliya,4696,4.4,36,53,2,TRUE,257,3949.6
Janogali,Chili Seed,Kurunegala,6392,4.9,38,548,5,FALSE,70,8166.2
Saduthara Plant nursery,Carrot Seed,Badulla,7273,3.7,38,575,2,FALSE,145,8119.8
Land mark agro Seeds,Pumpkin Seed,Kandy,6732,3.5,47,179,1,FALSE,232,4202.2
Land mark agro Seeds,Bean Seed,Ratnapura,4782,3.8,35,220,5,FALSE,352,5623.2
Purahanda Enterprises,Tomato Seed,Ampara,7105,4.9,3,130,5,FALSE,309,4401.0
Green Grove Fertilizer,Carrot Seed,Jaffna,4603,4.6,23,266,2,FALSE,419,6370.8
Land mark agro Seeds,Onion Seed,Monaragala,8355,4.5,19,609,4,TRUE,449,8383.0
Green Harvest Agriculture,Chili Seed,Matale,4909,4.6,59,683,5,TRUE,382,9698.4
Janogali,Cabbage Seed,Ampara,6887,5.0,40,428,1,TRUE,16,6725.2
Saduthara Plant nursery,Tomato Seed,Badulla,5422,3.7,10,225,1,FALSE,425,5920.2
Land mark agro Seeds,Bean Seed,Anuradhapura,5883,4.2,53,590,5,FALSE,73,8510.8
Land mark agro Seeds,Chili Seed,Polonnaruwa,6324,4.4,16,665,3,TRUE,319,9818.4
Purahanda Enterprises,Corn Seed,Colombo,3868,4.9,41,180,1,TRUE,76,5435.8
Green Grove Fertilizer,Potato Seed,Matale,6533,3.9,24,274,4,TRUE,225,5679.8
Land mark agro Seeds,Tomato Seed,Colombo,5219,4.9,14,655,4,TRUE,111,10185.4
Green Harvest Agriculture,Chili Seed,Matara,5564,4.1,50,198,1,TRUE,48,4781.4
Janogali,Bean Seed,Colombo,5539,4.4,43,641,2,TRUE,380,9352.4
Saduthara Plant nursery,Rice Seed,Colombo,4073,3.7,47,53,4,FALSE,464,3999.8
Land mark agro Seeds,Potato Seed,Ratnapura,6023,4.7,14,195,3,FALSE,396,5269.8
Land mark agro Seeds,Potato Seed,Colombo,5776,3.9,18,659,1,FALSE,103,9952.6
Purahanda Enterprises,Pumpkin Seed,Hambantota,4700,3.8,10,63,2,TRUE,152,4586.0
Green Grove Fertilizer,Rice Seed,Colombo,4006,4.9,34,655,4,TRUE,289,10270.6
Land mark agro Seeds,Pumpkin Seed,Hambantota,5782,3.8,52,230,3,FALSE,118,4983.2
Green Harvest Agriculture,Potato Seed,Anuradhapura,7719,3.7,40,574,3,TRUE,161,7891.4
Janogali,Bean Seed,Polonnaruwa,5345,3.6,10,300,4,TRUE,400,6704.0
Saduthara Plant nursery,Corn Seed,Matale,3831,4.1,42,628,4,FALSE,131,9934.6
Land mark agro Seeds,Tomato Seed,Polonnaruwa,4829,4.4,30,465,2,TRUE,340,8136.4
Land mark agro Seeds,Potato Seed,Ratnapura,7863,4.6,15,208,4,TRUE,211,4646.8
Purahanda Enterprises,Corn Seed,Monaragala,4909,3.6,4,548,3,TRUE,34,9478.4
Green Grove Fertilizer,Tomato Seed,Monaragala,5241,4.3,49,470,5,FALSE,66,7644.6
Land mark agro Seeds,Corn Seed,Hambantota,4329,4.3,54,207,4,TRUE,113,5279.4
Green Harvest Agriculture,Carrot Seed,Kandy,7749,4.3,58,112,2,FALSE,18,2881.4
Janogali,Potato Seed,Galle,6697,3.8,10,501,2,FALSE,141,8167.2
Saduthara Plant nursery,Potato Seed,Colombo,7707,3.9,2,59,2,FALSE,43,3500.2
Land mark agro Seeds,Potato Seed,Nuwara Eliya,8086,3.5,54,116,4,FALSE,190,2890.6
Land mark agro Seeds,Tomato Seed,Badulla,5126,4.9,8,301,3,TRUE,415,6802.6
Purahanda Enterprises,Carrot Seed,Badulla,4550,3.7,3,579,4,FALSE,60,9949.0
Green Grove Fertilizer,Potato Seed,Jaffna,7995,4.7,33,229,1,FALSE,406,4441.0
Land mark agro Seeds,Bean Seed,Colombo,4896,4.6,52,683,2,TRUE,212,9843.6
Green Harvest Agriculture,Potato Seed,Badulla,6287,3.6,47,389,5,TRUE,365,6477.2
Janogali,Chili Seed,Kurunegala,6432,4.6,38,409,5,FALSE,123,6769.2
Saduthara Plant nursery,Corn Seed,Matale,3541,4.7,12,251,4,TRUE,344,6862.6
Land mark agro Seeds,Pumpkin Seed,Ratnapura,5569,4.6,33,613,4,TRUE,37,9254.4
Land mark agro Seeds,Onion Seed,Kandy,5111,3.8,46,444,1,FALSE,470,7511.6
Purahanda Enterprises,Rice Seed,Polonnaruwa,4731,4.0,59,487,3,TRUE,199,7827.6
Green Grove Fertilizer,Onion Seed,Matara,5970,4.9,21,321,2,FALSE,142,6405.0
Land mark agro Seeds,Rice Seed,Ratnapura,5291,4.9,50,498,4,FALSE,58,7866.6
Green Harvest Agriculture,Pumpkin Seed,Ampara,5019,4.8,30,590,2,TRUE,291,9298.4
Janogali,Tomato Seed,Kandy,4523,4.7,28,122,2,TRUE,29,4859.8
Saduthara Plant nursery,Rice Seed,Hambantota,5012,3.5,29,693,1,FALSE,464,10390.2
Land mark agro Seeds,Onion Seed,Kandy,8494,4.1,54,358,3,TRUE,300,5129.4
Land mark agro Seeds,Potato Seed,Ampara,5659,3.7,60,571,5,FALSE,397,8285.4
Purahanda Enterprises,Rice Seed,Ampara,5024,4.3,31,250,1,TRUE,132,5891.4
Green Grove Fertilizer,Onion Seed,Polonnaruwa,5322,3.7,10,677,4,FALSE,227,10480.2
Land mark agro Seeds,Tomato Seed,Jaffna,4622,3.6,30,380,3,TRUE,214,7393.2
Green Harvest Agriculture,Carrot Seed,Anuradhapura,5148,4.3,39,302,1,TRUE,474,6201.8
Janogali,Tomato Seed,Badulla,6273,3.9,50,275,4,TRUE,83,5273.8
Saduthara Plant nursery,Tomato Seed,Matale,6539,3.7,49,59,5,FALSE,174,3033.4
Land mark agro Seeds,Bean Seed,Matara,6410,4.1,30,467,1,FALSE,206,7533.0
Land mark agro Seeds,Potato Seed,Colombo,7877,4.4,46,695,3,TRUE,244,8897.2
Purahanda Enterprises,Chili Seed,Matale,6221,4.0,9,66,5,FALSE,353,4021.6
Green Grove Fertilizer,Chili Seed,Jaffna,4656,3.8,48,561,3,TRUE,30,8823.6
Land mark agro Seeds,Cabbage Seed,Hambantota,6039,4.2,3,621,2,FALSE,280,9758.4
Green Harvest Agriculture,Cabbage Seed,Jaffna,4195,4.6,18,400,2,FALSE,326,7974.0
Janogali,Chili Seed,Monaragala,5985,3.9,12,580,1,TRUE,107,9199.0
Saduthara Plant nursery,Corn Seed,Hambantota,4697,4.5,34,431,3,FALSE,494,7766.2
Land mark agro Seeds,Cabbage Seed,Galle,6652,4.6,48,165,3,FALSE,477,4041.2
Land mark agro Seeds,Potato Seed,Jaffna,8373,4.9,19,71,1,TRUE,440,2983.8
Purahanda Enterprises,Potato Seed,Kandy,7615,4.4,30,231,3,FALSE,77,4682.0
Green Grove Fertilizer,Carrot Seed,Colombo,7082,4.4,40,637,3,TRUE,104,8755.2
Land mark agro Seeds,Pumpkin Seed,Nuwara Eliya,5896,4.6,20,242,1,FALSE,50,5673.6
Green Harvest Agriculture,Cabbage Seed,Polonnaruwa,5860,4.6,59,409,2,TRUE,241,6578.0
Janogali,Onion Seed,Nuwara Eliya,5927,4.7,28,164,3,FALSE,472,4718.2
Saduthara Plant nursery,Tomato Seed,Anuradhapura,6048,5.0,7,218,5,FALSE,136,5620.8
Land mark agro Seeds,Carrot Seed,Badulla,6998,4.2,35,563,5,FALSE,66,8154.8
Land mark agro Seeds,Rice Seed,Colombo,4821,4.9,33,583,1,FALSE,39,9244.6
Purahanda Enterprises,Bean Seed,Monaragala,6040,4.1,47,438,2,FALSE,202,7051.0
Green Grove Fertilizer,Onion Seed,Galle,6372,3.6,60,648,1,FALSE,92,8773.2
Land mark agro Seeds,Corn Seed,Matale,3897,4.7,28,348,1,FALSE,310,7370.2
Green Harvest Agriculture,Chili Seed,Nuwara Eliya,4441,4.1,4,469,5,TRUE,442,8860.6
Janogali,Corn Seed,Galle,3466,3.6,40,413,1,FALSE,452,7985.6
Saduthara Plant nursery,Tomato Seed,Jaffna,5342,4.4,32,302,4,TRUE,371,6261.2
Land mark agro Seeds,Pumpkin Seed,Anuradhapura,5214,3.6,6,693,2,FALSE,240,10766.4
Land mark agro Seeds,Carrot Seed,Galle,7284,4.3,60,339,1,FALSE,488,5297.4
Purahanda Enterprises,Bean Seed,Matara,6117,4.8,53,179,5,FALSE,245,4289.2
Green Grove Fertilizer,Carrot Seed,Matara,5405,3.8,54,388,3,FALSE,327,6674.0
Land mark agro Seeds,Bean Seed,Matara,6301,4.4,17,631,4,FALSE,264,9467.6
Green Harvest Agriculture,Tomato Seed,Ampara,6999,3.8,28,295,2,TRUE,184,5626.4
Janogali,Potato Seed,Polonnaruwa,5818,3.5,53,279,2,FALSE,336,5447.8
Saduthara Plant nursery,Potato Seed,Monaragala,5804,4.7,8,181,5,TRUE,220,5337.4
Land mark agro Seeds,Tomato Seed,Monaragala,6046,4.2,11,167,1,FALSE,363,5055.6
Land mark agro Seeds,Carrot Seed,Monaragala,7166,4.3,3,700,3,TRUE,481,10094.6
Purahanda Enterprises,Rice Seed,Anuradhapura,3584,3.9,39,320,4,FALSE,390,7019.4
Green Grove Fertilizer,Tomato Seed,Ratnapura,4636,3.5,8,190,4,FALSE,48,5930.6
Land mark agro Seeds,Onion Seed,Polonnaruwa,5636,4.5,29,56,5,TRUE,462,3740.6
Green Harvest Agriculture,Bean Seed,Kandy,5688,4.5,14,467,2,TRUE,32,8129.8
Janogali,Tomato Seed,Matale,5199,4.9,18,551,4,TRUE,134,9073.4
Saduthara Plant nursery,Potato Seed,Monaragala,8004,4.9,39,345,5,FALSE,352,5471.4
Land mark agro Seeds,Potato Seed,Jaffna,7311,4.1,12,515,1,FALSE,391,8012.6
Land mark agro Seeds,Potato Seed,Kandy,8574,3.9,40,648,3,FALSE,333,8283.4
Purahanda Enterprises,Rice Seed,Anuradhapura,3862,4.0,59,480,3,TRUE,319,8105.2
Green Grove Fertilizer,Rice Seed,Badulla,5079,3.8,25,605,1,FALSE,361,9554.4
Land mark agro Seeds,Bean Seed,Jaffna,5509,4.9,15,356,5,FALSE,474,7059.4
Green Harvest Agriculture,Corn Seed,Jaffna,3734,4.0,32,406,5,TRUE,72,7956.4
Janogali,Pumpkin Seed,Galle,5727,4.3,60,445,5,TRUE,247,6980.2
Saduthara Plant nursery,Bean Seed,Ampara,4977,4.1,11,298,1,TRUE,46,6796.2
Land mark agro Seeds,Onion Seed,Monaragala,5705,4.6,48,569,1,TRUE,295,8460.0
Land mark agro Seeds,Potato Seed,Matale,7454,3.6,26,484,5,TRUE,409,7380.4
Purahanda Enterprises,Pumpkin Seed,Anuradhapura,6443,3.9,32,452,2,FALSE,373,7335.8
Green Grove Fertilizer,Carrot Seed,Monaragala,4991,4.5,27,141,5,TRUE,52,4888.6
Land mark agro Seeds,Bean Seed,Nuwara Eliya,3947,4.7,43,61,5,TRUE,92,4180.2
Green Harvest Agriculture,Potato Seed,Ratnapura,5645,4.8,44,191,1,FALSE,379,4778.0
Janogali,Carrot Seed,Nuwara Eliya,6453,4.8,48,381,2,TRUE,51,6274.8
Saduthara Plant nursery,Cabbage Seed,Nuwara Eliya,4071,4.1,17,670,5,FALSE,286,10758.6
Land mark agro Seeds,Bean Seed,Matale,6070,4.4,21,657,2,TRUE,159,9740.0
Land mark agro Seeds,Bean Seed,Ampara,3739,4.9,16,153,1,TRUE,142,5717.4
Purahanda Enterprises,Pumpkin Seed,Nuwara Eliya,4612,3.6,8,222,4,FALSE,233,6257.2
Green Grove Fertilizer,Cabbage Seed,Jaffna,5265,4.4,31,345,4,TRUE,106,6742.0
Land mark agro Seeds,Bean Seed,Jaffna,3677,4.6,3,564,3,TRUE,121,10121.2
Green Harvest Agriculture,Rice Seed,Galle,5439,4.2,14,606,4,FALSE,469,9628.4
Janogali,Potato Seed,Colombo,6387,4.0,18,499,1,TRUE,220,8105.2
Saduthara Plant nursery,Corn Seed,Colombo,4376,3.9,19,437,3,FALSE,19,8272.6
Land mark agro Seeds,Bean Seed,Jaffna,3769,5.0,36,408,3,TRUE,365,7852.4
Land mark agro Seeds,Corn Seed,Hambantota,3468,4.7,16,646,3,FALSE,95,10761.8
Purahanda Enterprises,Carrot Seed,Anuradhapura,6382,4.0,7,540,3,FALSE,368,8737.2
Green Grove Fertilizer,Rice Seed,Matale,5000,4.2,17,257,5,FALSE,314,6254.0
Land mark agro Seeds,Chili Seed,Monaragala,6305,4.5,13,343,2,FALSE,458,6663.0
Green Harvest Agriculture,Chili Seed,Monaragala,4786,4.6,49,475,3,TRUE,343,7867.6
Janogali,Corn Seed,Jaffna,4355,4.1,45,84,1,TRUE,364,4225.0
Saduthara Plant nursery,Potato Seed,Matara,7126,4.4,55,286,3,TRUE,384,4927.6
Land mark agro Seeds,Bean Seed,Monaragala,6301,4.3,28,124,2,FALSE,342,4180.6
Land mark agro Seeds,Carrot Seed,Polonnaruwa,4962,3.6,22,51,5,TRUE,14,4127.2
Purahanda Enterprises,Cabbage Seed,Colombo,6088,4.4,55,286,1,FALSE,10,5342.8
Green Grove Fertilizer,Onion Seed,Polonnaruwa,6692,3.6,16,520,4,TRUE,264,8245.2
Land mark agro Seeds,Pumpkin Seed,Badulla,3800,4.7,14,203,5,FALSE,52,6239.0
Green Harvest Agriculture,Cabbage Seed,Galle,5458,4.7,42,409,5,FALSE,104,7075.8
Janogali,Potato Seed,Ampara,8286,4.9,15,289,4,TRUE,189,5278.6
Saduthara Plant nursery,Rice Seed,Kurunegala,4536,3.7,47,610,3,FALSE,367,9384.6
Land mark agro Seeds,Pumpkin Seed,Matale,6201,4.7,4,527,1,TRUE,66,8718.6
Land mark agro Seeds,Cabbage Seed,Anuradhapura,5553,4.5,30,371,2,TRUE,107,6903.8
Purahanda Enterprises,Corn Seed,Jaffna,3906,4.9,46,173,3,FALSE,367,5250.6
Green Grove Fertilizer,Chili Seed,Jaffna,6006,4.8,59,340,2,TRUE,331,5823.6
Land mark agro Seeds,Cabbage Seed,Badulla,4395,4.2,27,344,2,FALSE,316,7166.0
Green Harvest Agriculture,Corn Seed,Matale,4129,3.7,44,336,3,TRUE,420,6867.4
Janogali,Onion Seed,Matara,6689,4.9,57,495,2,FALSE,26,7137.4
Saduthara Plant nursery,Tomato Seed,Matara,6357,4.2,46,79,5,TRUE,307,3351.2
Land mark agro Seeds,Pumpkin Seed,Monaragala,5782,3.9,3,642,5,TRUE,499,10080.2
Land mark agro Seeds,Rice Seed,Matara,4913,3.6,16,273,4,TRUE,397,6486.8
Purahanda Enterprises,Tomato Seed,Nuwara Eliya,5599,3.6,57,76,2,TRUE,133,3422.4
Green Grove Fertilizer,Cabbage Seed,Ampara,5060,4.2,57,99,5,TRUE,90,3850.0
Land mark agro Seeds,Bean Seed,Polonnaruwa,3525,3.9,50,430,5,FALSE,78,7923.0
Green Harvest Agriculture,Pumpkin Seed,Nuwara Eliya,5016,4.0,40,471,4,TRUE,73,7933.6
Janogali,Potato Seed,Ampara,7191,4.9,8,602,1,TRUE,11,8986.6
Saduthara Plant nursery,Carrot Seed,Matale,4904,4.8,55,330,1,FALSE,68,6244.4
Land mark agro Seeds,Carrot Seed,Ratnapura,4526,4.8,35,406,1,FALSE,472,7555.6
Land mark agro Seeds,Bean Seed,Kurunegala,6455,3.5,19,453,5,FALSE,411,7613.0
Purahanda Enterprises,Chili Seed,Hambantota,5369,4.8,41,395,2,FALSE,385,6988.4
Green Grove Fertilizer,Potato Seed,Badulla,6794,4.1,51,162,3,TRUE,433,3909.4
Land mark agro Seeds,Rice Seed,Hambantota,5041,4.3,41,145,4,TRUE,79,4634.6
Green Harvest Agriculture,Pumpkin Seed,Ratnapura,4352,4.6,41,73,4,FALSE,481,4181.2
Janogali,Rice Seed,Badulla,5125,4.9,25,549,1,FALSE,359,8943.0
Saduthara Plant nursery,Carrot Seed,Anuradhapura,6700,5.0,26,573,4,TRUE,44,8530.0
Land mark agro Seeds,Bean Seed,Polonnaruwa,5871,4.7,14,382,5,TRUE,365,7200.6
Land mark agro Seeds,Carrot Seed,Badulla,4537,4.8,27,424,5,TRUE,145,7891.2
Purahanda Enterprises,Cabbage Seed,Ampara,4775,3.7,28,306,3,TRUE,304,6629.0
Green Grove Fertilizer,Cabbage Seed,Kandy,5329,3.8,22,422,5,FALSE,131,7684.4
Land mark agro Seeds,Carrot Seed,Jaffna,6905,4.2,7,429,3,FALSE,190,7412.0
Green Harvest Agriculture,Potato Seed,Colombo,7384,4.6,24,255,3,TRUE,425,5128.4
Janogali,Cabbage Seed,Hambantota,4884,5.0,19,500,3,TRUE,325,8666.4
Saduthara Plant nursery,Carrot Seed,Badulla,4687,3.9,2,699,2,FALSE,458,11108.2
Land mark agro Seeds,Chili Seed,Galle,4205,4.1,7,334,2,TRUE,319,7545.0
Land mark agro Seeds,Carrot Seed,Ratnapura,5049,4.7,10,540,2,TRUE,194,9189.4
Purahanda Enterprises,Rice Seed,Colombo,4182,4.5,41,377,1,TRUE,26,7292.2
Green Grove Fertilizer,Bean Seed,Monaragala,5648,4.2,57,429,2,TRUE,457,6914.8
Land mark agro Seeds,Carrot Seed,Ratnapura,6684,4.0,23,396,1,TRUE,393,6856.4
Green Harvest Agriculture,Carrot Seed,Galle,4570,4.0,45,539,1,TRUE,499,8692.0
Janogali,Corn Seed,Matale,3301,4.8,16,635,3,TRUE,160,10715.6
Saduthara Plant nursery,Bean Seed,Galle,6142,3.9,16,700,4,FALSE,469,10256.2
Land mark agro Seeds,Rice Seed,Badulla,4102,4.1,53,693,3,TRUE,244,10256.2
Land mark agro Seeds,Potato Seed,Nuwara Eliya,7405,4.4,60,479,2,TRUE,235,6646.0
Purahanda Enterprises,Tomato Seed,Polonnaruwa,5455,4.4,48,477,1,TRUE,425,7646.0
Green Grove Fertilizer,Chili Seed,Ampara,4009,3.7,56,219,1,FALSE,73,5505.4
Land mark agro Seeds,Pumpkin Seed,Galle,5818,4.4,18,146,3,FALSE,114,4790.8
Green Harvest Agriculture,Carrot Seed,Matara,7656,4.2,48,538,5,FALSE,88,7381.6
Janogali,Tomato Seed,Anuradhapura,5117,4.9,43,194,4,TRUE,372,5036.2
Saduthara Plant nursery,Pumpkin Seed,Kurunegala,5005,4.2,30,616,5,TRUE,138,9582.0
Land mark agro Seeds,Rice Seed,Kurunegala,4951,4.7,19,302,2,FALSE,459,6668.6
Land mark agro Seeds,Onion Seed,Ampara,5503,3.6,12,195,5,FALSE,287,5550.8
Purahanda Enterprises,Onion Seed,Galle,7064,4.5,25,345,1,TRUE,317,6139.4
Green Grove Fertilizer,Onion Seed,Monaragala,6702,3.8,2,149,3,FALSE,42,4805.2
Land mark agro Seeds,Rice Seed,Ampara,4284,3.8,33,146,3,TRUE,247,5122.4
Green Harvest Agriculture,Onion Seed,Ratnapura,6733,5.0,44,216,2,TRUE,445,4586.8
Janogali,Onion Seed,Badulla,7392,4.7,48,295,4,FALSE,52,5042.2
Saduthara Plant nursery,Onion Seed,Matale,7371,4.0,31,393,5,FALSE,53,6391.6
Land mark agro Seeds,Carrot Seed,Colombo,4893,4.3,39,328,4,FALSE,442,6563.8
Land mark agro Seeds,Onion Seed,Kurunegala,7395,4.3,39,532,1,FALSE,396,7603.0
Purahanda Enterprises,Potato Seed,Anuradhapura,7180,4.1,10,239,2,TRUE,233,5345.0
Green Grove Fertilizer,Chili Seed,Jaffna,4962,3.7,59,326,5,FALSE,154,6134.2
Land mark agro Seeds,Potato Seed,Galle,8747,4.6,54,483,3,FALSE,36,6263.2
Green Harvest Agriculture,Onion Seed,Galle,6922,4.0,50,237,2,FALSE,235,4631.2
Janogali,Carrot Seed,Nuwara Eliya,7492,4.5,10,403,1,FALSE,185,6848.2
Saduthara Plant nursery,Onion Seed,Kurunegala,8285,3.7,47,188,1,FALSE,404,3665.0
Land mark agro Seeds,Corn Seed,Colombo,4230,3.7,2,434,1,FALSE,206,8647.0
Land mark agro Seeds,Onion Seed,Polonnaruwa,6117,3.6,8,370,1,TRUE,335,7135.2
Purahanda Enterprises,Carrot Seed,Matara,7230,3.9,59,496,2,TRUE,360,6921.0
Green Grove Fertilizer,Pumpkin Seed,Colombo,5362,4.6,45,146,1,TRUE,271,4427.2
Land mark agro Seeds,Onion Seed,Nuwara Eliya,6464,3.7,14,69,4,TRUE,138,3863.4
Green Harvest Agriculture,Cabbage Seed,Kurunegala,4929,4.4,34,115,1,TRUE,51,4516.4
Janogali,Cabbage Seed,Monaragala,4609,4.7,44,194,3,TRUE,263,5225.4
Saduthara Plant nursery,Chili Seed,Nuwara Eliya,4982,4.1,19,164,1,FALSE,342,5294.2
Land mark agro Seeds,Rice Seed,Jaffna,4483,4.9,56,90,4,TRUE,179,3989.8
Land mark agro Seeds,Onion Seed,Jaffna,8138,4.7,28,314,5,FALSE,470,5333.8
Purahanda Enterprises,Potato Seed,Ratnapura,7123,3.9,12,224,2,TRUE,390,5183.8
Green Grove Fertilizer,Tomato Seed,Matara,4880,4.3,30,244,4,FALSE,261,5909.0
Land mark agro Seeds,Corn Seed,Kandy,4240,3.9,38,180,1,FALSE,455,5377.0
Green Harvest Agriculture,Rice Seed,Galle,5379,4.5,9,230,4,TRUE,193,5983.4
Janogali,Onion Seed,Matale,5209,3.8,53,170,3,TRUE,38,4592.4
Saduthara Plant nursery,Onion Seed,Matara,6884,3.7,15,665,3,FALSE,440,9635.4
Land mark agro Seeds,Pumpkin Seed,Hambantota,6140,3.6,53,399,2,FALSE,420,6516.0
Land mark agro Seeds,Pumpkin Seed,Ampara,5749,3.6,39,416,5,TRUE,408,7122.4
Purahanda Enterprises,Chili Seed,Ratnapura,6610,3.5,13,655,1,TRUE,12,9691.0
Green Grove Fertilizer,Chili Seed,Badulla,5560,3.6,41,688,4,TRUE,473,9878.0
Land mark agro Seeds,Tomato Seed,Jaffna,6989,4.0,34,651,2,TRUE,311,9064.4
Green Harvest Agriculture,Tomato Seed,Badulla,5294,3.8,8,177,3,FALSE,433,5528.4
Janogali,Tomato Seed,Galle,4991,4.4,54,290,3,TRUE,434,5841.6
Saduthara Plant nursery,Cabbage Seed,Galle,6009,4.2,58,519,4,TRUE,75,7650.4
Land mark agro Seeds,Rice Seed,Colombo,4723,4.5,52,112,3,FALSE,476,4205.8
Land mark agro Seeds,Tomato Seed,Matale,6593,4.8,27,556,4,FALSE,449,8388.8
Purahanda Enterprises,Onion Seed,Galle,8375,4.3,51,60,3,TRUE,58,2251.0
Green Grove Fertilizer,Chili Seed,Matale,6653,3.7,40,566,2,FALSE,30,8237.8
Land mark agro Seeds,Cabbage Seed,Anuradhapura,6754,4.4,21,561,2,FALSE,25,8506.4
Green Harvest Agriculture,Tomato Seed,Colombo,6174,4.1,26,357,4,TRUE,247,6607.4
Janogali,Tomato Seed,Nuwara Eliya,6111,4.7,40,153,2,TRUE,431,4294.6
Saduthara Plant nursery,Tomato Seed,Matale,7138,3.7,51,364,1,FALSE,98,5803.8
Land mark agro Seeds,Tomato Seed,Kandy,4732,4.9,22,120,3,FALSE,271,4870.2
Land mark agro Seeds,Rice Seed,Anuradhapura,4791,4.4,34,476,5,FALSE,37,8181.6
Purahanda Enterprises,Rice Seed,Matara,3647,4.2,28,347,3,TRUE,124,7475.2
Green Grove Fertilizer,Onion Seed,Polonnaruwa,7033,4.0,48,143,3,TRUE,259,3686.8
Land mark agro Seeds,Carrot Seed,Badulla,7729,3.6,27,176,3,TRUE,13,4170.4
Green Harvest Agriculture,Pumpkin Seed,Monaragala,5652,3.6,26,100,3,TRUE,194,4261.2
Janogali,Cabbage Seed,Polonnaruwa,4247,4.3,24,61,4,TRUE,400,4452.2
Saduthara Plant nursery,Tomato Seed,Galle,7205,3.7,36,405,2,TRUE,359,6487.0
Land mark agro Seeds,Tomato Seed,Badulla,6230,4.5,59,114,5,FALSE,427,3483.0
Land mark agro Seeds,Chili Seed,Ratnapura,6384,4.6,58,240,1,FALSE,13,4698.4
Purahanda Enterprises,Chili Seed,Polonnaruwa,4521,4.6,22,418,3,FALSE,315,7943.6
Green Grove Fertilizer,Bean Seed,Colombo,4819,3.8,20,53,5,TRUE,187,4238.4
Land mark agro Seeds,Tomato Seed,Jaffna,6413,4.9,22,178,4,TRUE,314,4777.8
Green Harvest Agriculture,Corn Seed,Kandy,4879,4.6,9,134,5,FALSE,436,5220.4
Janogali,Tomato Seed,Kandy,6532,4.2,55,201,3,TRUE,326,4321.2
Saduthara Plant nursery,Bean Seed,Ampara,5422,4.6,2,130,4,FALSE,410,5103.2
Land mark agro Seeds,Cabbage Seed,Anuradhapura,5215,3.8,36,647,2,FALSE,60,9700.0
Land mark agro Seeds,Rice Seed,Matara,4035,4.8,33,252,5,FALSE,53,6252.0
Purahanda Enterprises,Rice Seed,Badulla,4890,4.7,31,527,4,TRUE,75,8703.0
Green Grove Fertilizer,Pumpkin Seed,Matara,5461,4.9,33,382,1,TRUE,422,6978.6
Land mark agro Seeds,Chili Seed,Jaffna,5437,4.8,60,319,1,TRUE,217,5821.2
Green Harvest Agriculture,Bean Seed,Anuradhapura,5852,4.4,14,269,3,FALSE,406,6087.2
Janogali,Corn Seed,Jaffna,3450,4.6,7,552,1,FALSE,319,10012.0
Saduthara Plant nursery,Onion Seed,Matara,5847,3.6,28,87,3,FALSE,259,4013.2
Land mark agro Seeds,Bean Seed,Matara,3613,4.9,11,177,4,FALSE,167,6107.8
Land mark agro Seeds,Potato Seed,Matara,7686,3.9,25,323,4,TRUE,279,5688.6
Purahanda Enterprises,Cabbage Seed,Colombo,6028,4.9,29,413,3,FALSE,263,7141.8
Green Grove Fertilizer,Carrot Seed,Kandy,5752,4.4,49,61,1,TRUE,265,3347.2
Land mark agro Seeds,Cabbage Seed,Matale,4821,4.2,35,290,2,TRUE,219,6295.6
Green Harvest Agriculture,Potato Seed,Kandy,5936,4.3,30,212,3,TRUE,413,5166.6
Janogali,Pumpkin Seed,Polonnaruwa,5841,4.6,51,91,5,TRUE,296,3565.6
Saduthara Plant nursery,Pumpkin Seed,Hambantota,4967,3.7,37,459,4,TRUE,473,7902.2
Land mark agro Seeds,Rice Seed,Ampara,5425,4.1,9,378,4,TRUE,225,7457.0
Land mark agro Seeds,Potato Seed,Matale,8076,4.3,17,439,4,TRUE,384,6840.6
Purahanda Enterprises,Tomato Seed,Colombo,4518,3.7,54,417,2,TRUE,17,7321.8
Green Grove Fertilizer,Pumpkin Seed,Jaffna,5549,3.9,49,533,2,FALSE,211,8163.4
Land mark agro Seeds,Cabbage Seed,Hambantota,6018,3.6,30,495,4,FALSE,346,7984.8
Green Harvest Agriculture,Carrot Seed,Nuwara Eliya,5233,4.4,27,68,5,TRUE,402,4064.8
Janogali,Rice Seed,Ampara,5281,3.7,40,71,4,FALSE,303,3836.6
Saduthara Plant nursery,Potato Seed,Badulla,8470,4.2,27,396,5,FALSE,235,6056.0
Land mark agro Seeds,Carrot Seed,Matara,6930,4.1,13,207,1,TRUE,445,5065.0
Land mark agro Seeds,Potato Seed,Kandy,8436,3.9,38,349,1,TRUE,430,5388.6
Purahanda Enterprises,Bean Seed,Nuwara Eliya,4540,3.7,24,685,2,FALSE,318,10593.0
Green Grove Fertilizer,Pumpkin Seed,Nuwara Eliya,4798,4.5,48,381,4,TRUE,208,6945.8
Land mark agro Seeds,Chili Seed,Jaffna,6601,4.2,18,532,1,TRUE,486,8343.6
Green Harvest Agriculture,Potato Seed,Nuwara Eliya,6754,4.2,58,539,5,TRUE,223,7552.4
Janogali,Onion Seed,Hambantota,7115,4.9,43,142,1,TRUE,256,3717.0
Saduthara Plant nursery,Cabbage Seed,Matale,6693,3.5,13,429,4,TRUE,286,7397.8
Land mark agro Seeds,Bean Seed,Monaragala,4484,4.0,29,175,3,TRUE,366,5406.4
Land mark agro Seeds,Rice Seed,Kandy,4331,4.1,37,73,2,TRUE,261,4284.6
Purahanda Enterprises,Pumpkin Seed,Nuwara Eliya,6766,4.6,34,114,1,FALSE,185,3765.6
Green Grove Fertilizer,Cabbage Seed,Matale,4042,4.3,48,187,1,FALSE,391,5314.2
Land mark agro Seeds,Potato Seed,Monaragala,8015,3.9,13,387,3,TRUE,486,6437.0
Green Harvest Agriculture,Chili Seed,Kandy,5923,4.4,46,655,3,FALSE,458,9278.8
Janogali,Chili Seed,Nuwara Eliya,5239,4.3,36,157,1,FALSE,191,4775.4
Saduthara Plant nursery,Pumpkin Seed,Hambantota,6727,4.3,5,450,1,FALSE,188,7730.2
Land mark agro Seeds,Rice Seed,Jaffna,3952,4.9,39,622,3,FALSE,426,9862.2
Land mark agro Seeds,Rice Seed,Hambantota,4571,4.1,15,501,3,FALSE,335,8908.6
Purahanda Enterprises,Cabbage Seed,Jaffna,6632,4.1,58,320,2,TRUE,401,5414.2
Green Grove Fertilizer,Cabbage Seed,Ratnapura,5271,5.0,50,149,2,TRUE,356,4381.6
Land mark agro Seeds,Bean Seed,Colombo,6474,5.0,31,496,2,FALSE,428,7750.4
Green Harvest Agriculture,Carrot Seed,Kurunegala,5983,4.6,32,80,4,FALSE,324,3778.8
Janogali,Tomato Seed,Colombo,5229,4.5,34,248,4,FALSE,440,5723.4
Saduthara Plant nursery,Bean Seed,Kurunegala,3776,4.5,10,311,5,TRUE,468,7414.6
Land mark agro Seeds,Tomato Seed,Ratnapura,7441,4.0,39,54,5,FALSE,302,2813.6
Land mark agro Seeds,Corn Seed,Colombo,3043,5.0,59,376,1,TRUE,297,7362.8
Purahanda Enterprises,Corn Seed,Badulla,4443,3.8,20,226,1,TRUE,447,6118.8
Green Grove Fertilizer,Corn Seed,Monaragala,4117,4.7,32,454,2,TRUE,302,8262.2
Land mark agro Seeds,Bean Seed,Matara,5962,4.0,8,601,3,FALSE,415,9495.2
Green Harvest Agriculture,Carrot Seed,Ampara,7402,4.9,37,406,1,TRUE,126,6362.2
Janogali,Potato Seed,Polonnaruwa,8918,4.4,12,64,3,TRUE,103,2850.8
Saduthara Plant nursery,Bean Seed,Polonnaruwa,4500,3.5,43,517,1,TRUE,241,8555.0
Land mark agro Seeds,Pumpkin Seed,Kurunegala,3954,4.4,51,152,3,TRUE,78,4936.4
Land mark agro Seeds,Onion Seed,Nuwara Eliya,8287,4.0,25,151,2,FALSE,385,3725.2
Purahanda Enterprises,Pumpkin Seed,Badulla,4458,4.9,28,158,1,TRUE,138,5239.8
Green Grove Fertilizer,Carrot Seed,Polonnaruwa,5846,3.9,60,349,2,FALSE,422,5984.6
Land mark agro Seeds,Chili Seed,Anuradhapura,6782,4.8,18,663,4,FALSE,296,9563.2
Green Harvest Agriculture,Potato Seed,Kandy,8717,5.0,43,529,3,TRUE,413,6943.2
Janogali,Bean Seed,Ratnapura,5147,4.3,13,213,2,FALSE,228,5832.2
Saduthara Plant nursery,Carrot Seed,Galle,5997,3.9,49,154,5,TRUE,272,4194.2
Land mark agro Seeds,Chili Seed,Monaragala,4369,4.1,32,614,1,FALSE,493,9779.4
Land mark agro Seeds,Bean Seed,Kurunegala,4856,4.9,55,404,4,FALSE,62,7000.6
Purahanda Enterprises,Chili Seed,Kandy,6198,4.1,29,611,3,TRUE,130,9077.8
Green Grove Fertilizer,Rice Seed,Matale,3737,4.8,7,640,3,TRUE,165,10771.2
Land mark agro Seeds,Carrot Seed,Matara,5925,4.0,47,50,3,FALSE,173,3220.0
Green Harvest Agriculture,Tomato Seed,Ratnapura,7072,3.5,49,690,3,FALSE,272,9136.2
Janogali,Corn Seed,Colombo,4738,4.1,8,57,5,TRUE,408,4541.8
Saduthara Plant nursery,Rice Seed,Jaffna,3857,4.3,16,370,2,TRUE,53,7858.2
Land mark agro Seeds,Corn Seed,Kandy,3351,3.6,53,135,1,FALSE,121,4991.6
Land mark agro Seeds,Rice Seed,Galle,3729,4.2,58,402,1,FALSE,224,7392.4
Purahanda Enterprises,Bean Seed,Kandy,4779,4.0,6,361,2,FALSE,376,7608.4
Green Grove Fertilizer,Cabbage Seed,Monaragala,6507,4.5,24,507,3,TRUE,244,8002.2
Land mark agro Seeds,Tomato Seed,Matara,7067,3.7,26,288,1,TRUE,103,5572.2
Green Harvest Agriculture,Onion Seed,Anuradhapura,5171,4.7,26,277,4,FALSE,59,6190.6
Janogali,Potato Seed,Ampara,5577,4.8,36,277,1,FALSE,418,5825.2
Saduthara Plant nursery,Onion Seed,Matale,8457,4.2,29,641,4,FALSE,46,8471.2
Land mark agro Seeds,Tomato Seed,Jaffna,7257,4.4,25,416,5,TRUE,349,6775.2
Land mark agro Seeds,Potato Seed,Anuradhapura,6906,4.7,16,365,2,TRUE,234,6576.6
Purahanda Enterprises,Bean Seed,Anuradhapura,5727,4.8,50,370,3,TRUE,121,6415.2
Green Grove Fertilizer,Corn Seed,Matara,3904,4.6,5,640,2,FALSE,201,10750.4
Land mark agro Seeds,Rice Seed,Matara,5071,3.5,59,444,1,TRUE,67,7276.6
Green Harvest Agriculture,Onion Seed,Matara,7270,3.8,8,258,2,FALSE,346,5548.0
Janogali,Chili Seed,Matale,4152,3.8,26,324,2,TRUE,122,7095.2
Saduthara Plant nursery,Pumpkin Seed,Matara,5257,4.6,30,142,5,TRUE,106,4729.2
Land mark agro Seeds,Bean Seed,Jaffna,5661,4.8,50,560,5,FALSE,114,8341.6
Land mark agro Seeds,Bean Seed,Monaragala,3590,3.9,45,447,5,TRUE,197,8167.0
Purahanda Enterprises,Tomato Seed,Matale,6297,4.0,17,312,1,FALSE,407,6291.2
Green Grove Fertilizer,Tomato Seed,Colombo,5806,3.9,21,62,3,FALSE,301,3910.6
Land mark agro Seeds,Carrot Seed,Matara,5382,4.4,43,162,1,FALSE,419,4625.2
Green Harvest Agriculture,Tomato Seed,Nuwara Eliya,5092,4.6,9,529,3,FALSE,144,9085.2
Janogali,Corn Seed,Matara,4371,4.2,19,138,2,TRUE,134,5275.6
Saduthara Plant nursery,Potato Seed,Kandy,8214,4.8,4,134,2,FALSE,310,3980.4
Land mark agro Seeds,Cabbage Seed,Anuradhapura,6112,3.6,21,674,1,TRUE,415,9917.2
Land mark agro Seeds,Pumpkin Seed,Jaffna,4442,3.7,8,100,1,FALSE,72,5102.2
Purahanda Enterprises,Carrot Seed,Anuradhapura,6376,4.4,17,54,4,FALSE,453,3667.6
Green Grove Fertilizer,Rice Seed,Anuradhapura,3820,4.2,22,448,5,TRUE,124,8536.0
Land mark agro Seeds,Potato Seed,Ampara,7887,4.5,48,527,4,FALSE,244,7170.2
Green Harvest Agriculture,Tomato Seed,Nuwara Eliya,7289,3.8,53,542,1,FALSE,371,7480.4
Janogali,Cabbage Seed,Kandy,6213,3.8,28,259,4,FALSE,450,5580.8
Saduthara Plant nursery,Rice Seed,Ampara,4928,3.7,15,158,4,FALSE,337,5347.8
Land mark agro Seeds,Bean Seed,Matara,4276,4.5,48,625,2,FALSE,280,9594.6
Land mark agro Seeds,Onion Seed,Matara,7902,4.3,44,640,1,TRUE,272,8380.2
Purahanda Enterprises,Potato Seed,Kurunegala,8421,3.9,12,222,1,TRUE,22,4644.6
Green Grove Fertilizer,Pumpkin Seed,Hambantota,5611,4.7,46,596,2,FALSE,254,8804.6
Land mark agro Seeds,Chili Seed,Nuwara Eliya,5249,3.6,15,141,2,TRUE,342,5052.4
Green Harvest Agriculture,Chili Seed,Monaragala,5377,4.9,30,117,4,TRUE,28,4422.2
Janogali,Chili Seed,Matara,6197,4.5,28,647,3,FALSE,304,9446.2
Saduthara Plant nursery,Corn Seed,Kandy,3490,4.5,43,368,1,TRUE,252,7439.0
Land mark agro Seeds,Chili Seed,Badulla,6562,3.6,51,389,2,FALSE,467,6287.2
Land mark agro Seeds,Potato Seed,Badulla,7440,4.3,41,614,2,FALSE,64,8365.0
Purahanda Enterprises,Carrot Seed,Monaragala,6857,3.8,57,476,2,FALSE,393,6913.2
Green Grove Fertilizer,Pumpkin Seed,Nuwara Eliya,6797,3.5,40,382,4,FALSE,421,6346.2
Land mark agro Seeds,Rice Seed,Badulla,3820,4.7,19,378,5,FALSE,241,7881.0
Green Harvest Agriculture,Tomato Seed,Nuwara Eliya,4728,4.9,17,311,1,TRUE,405,6881.8
Janogali,Chili Seed,Ampara,6524,4.9,52,283,5,FALSE,491,5183.4
Saduthara Plant nursery,Tomato Seed,Badulla,6450,4.0,11,675,3,FALSE,119,9980.0
Land mark agro Seeds,Carrot Seed,Matale,4870,4.3,40,216,3,FALSE,474,5433.0
Land mark agro Seeds,Rice Seed,Kurunegala,4610,4.8,57,161,5,FALSE,153,4632.0
Purahanda Enterprises,Potato Seed,Anuradhapura,7771,4.4,57,413,1,TRUE,131,5899.6
Green Grove Fertilizer,Bean Seed,Badulla,6397,4.5,22,155,5,TRUE,324,4566.2
Land mark agro Seeds,Rice Seed,Ratnapura,4139,4.3,45,453,5,FALSE,133,7995.4
Green Harvest Agriculture,Cabbage Seed,Colombo,6647,4.6,23,78,2,FALSE,174,3673.2
Janogali,Cabbage Seed,Hambantota,5124,4.5,16,672,3,TRUE,412,10365.4
Saduthara Plant nursery,Bean Seed,Colombo,5828,3.5,37,135,4,FALSE,444,4323.8
Land mark agro Seeds,Rice Seed,Nuwara Eliya,5082,4.1,35,119,4,TRUE,102,4484.2
Land mark agro Seeds,Onion Seed,Badulla,8275,4.5,54,565,2,FALSE,185,7275.0
Purahanda Enterprises,Corn Seed,Ratnapura,3651,5.0,39,363,4,FALSE,433,7389.6
Green Grove Fertilizer,Potato Seed,Colombo,7360,5.0,60,665,1,FALSE,354,8506.0
Land mark agro Seeds,Tomato Seed,Galle,6870,4.5,7,79,4,TRUE,454,3917.0
Green Harvest Agriculture,Tomato Seed,Kandy,6209,3.5,59,122,1,TRUE,306,3601.4
Janogali,Chili Seed,Ratnapura,5090,4.9,24,85,3,TRUE,394,4337.0
Saduthara Plant nursery,Pumpkin Seed,Galle,6143,4.6,23,197,1,FALSE,274,5064.8
Land mark agro Seeds,Onion Seed,Matara,6997,4.0,19,124,2,TRUE,75,4091.2
Land mark agro Seeds,Potato Seed,Badulla,6919,4.2,18,692,2,TRUE,276,9816.4
Purahanda Enterprises,Corn Seed,Kurunegala,3959,3.5,52,265,5,TRUE,225,6071.4
Green Grove Fertilizer,Onion Seed,Polonnaruwa,6603,3.9,27,135,3,TRUE,412,4201.8
Land mark agro Seeds,Onion Seed,Anuradhapura,7701,3.9,33,354,3,TRUE,464,5832.6
Green Harvest Agriculture,Onion Seed,Matara,6035,3.6,4,631,3,FALSE,221,9858.0
Janogali,Cabbage Seed,Monaragala,5456,3.9,51,526,2,FALSE,144,8090.6
Saduthara Plant nursery,Potato Seed,Colombo,8456,3.5,54,170,4,FALSE,199,3282.6
Land mark agro Seeds,Corn Seed,Colombo,4929,3.9,33,400,4,FALSE,296,7401.4
Land mark agro Seeds,Pumpkin Seed,Anuradhapura,6144,4.1,54,385,4,FALSE,92,6339.4
Purahanda Enterprises,Carrot Seed,Hambantota,4604,4.0,21,276,3,FALSE,91,6528.4
Green Grove Fertilizer,Corn Seed,Matale,3381,4.6,47,314,5,FALSE,425,6859.6
Land mark agro Seeds,Cabbage Seed,Ratnapura,6543,3.7,28,281,3,FALSE,229,5671.8
Green Harvest Agriculture,Chili Seed,Matara,4622,4.7,30,67,5,FALSE,34,4230.2
Janogali,Chili Seed,Ampara,5474,4.5,11,277,4,TRUE,157,6375.4
Saduthara Plant nursery,Carrot Seed,Kandy,7728,4.5,50,389,1,FALSE,72,5813.8
Land mark agro Seeds,Pumpkin Seed,Kandy,5970,3.9,3,574,1,FALSE,192,9325.0
Land mark agro Seeds,Pumpkin Seed,Monaragala,4926,4.9,2,251,1,TRUE,177,6502.6
Purahanda Enterprises,Tomato Seed,Badulla,5583,3.6,19,350,4,TRUE,112,6928.8
Green Grove Fertilizer,Chili Seed,Anuradhapura,6992,5.0,29,674,1,TRUE,366,9363.2
Land mark agro Seeds,Rice Seed,Ampara,4276,4.4,32,282,4,TRUE,367,6487.6
Green Harvest Agriculture,Pumpkin Seed,Nuwara Eliya,5374,4.1,9,670,4,FALSE,295,10397.4
Janogali,Potato Seed,Badulla,7627,3.5,58,247,3,TRUE,117,4304.2
Saduthara Plant nursery,Chili Seed,Matara,6984,4.3,3,175,1,TRUE,44,4917.4
Land mark agro Seeds,Bean Seed,Ratnapura,5801,4.4,51,58,1,TRUE,29,3257.6
Land mark agro Seeds,Bean Seed,Galle,4238,4.0,28,690,4,FALSE,200,10674.8
Purahanda Enterprises,Tomato Seed,Monaragala,6319,4.3,17,337,4,TRUE,379,6523.4
Green Grove Fertilizer,Potato Seed,Kandy,8077,4.7,39,483,1,TRUE,382,6828.2
Land mark agro Seeds,Bean Seed,Jaffna,3705,4.1,46,325,1,TRUE,436,6875.0
Green Harvest Agriculture,Cabbage Seed,Galle,6796,4.8,10,650,3,FALSE,468,9587.6
Janogali,Cabbage Seed,Kurunegala,5187,4.0,15,54,4,TRUE,34,4195.2
Saduthara Plant nursery,Chili Seed,Ampara,6045,4.1,36,401,3,TRUE,432,6899.0
Land mark agro Seeds,Rice Seed,Galle,4603,4.2,39,139,1,TRUE,355,4792.8
Land mark agro Seeds,Cabbage Seed,Kandy,6948,3.9,26,656,3,FALSE,400,9293.8
Purahanda Enterprises,Carrot Seed,Jaffna,7084,4.6,34,422,5,FALSE,201,6718.4
Green Grove Fertilizer,Cabbage Seed,Kandy,5602,5.0,42,97,2,FALSE,453,3889.2
Land mark agro Seeds,Tomato Seed,Matale,7153,4.1,27,186,4,FALSE,376,4485.8
Green Harvest Agriculture,Rice Seed,Ampara,4361,4.4,53,95,1,FALSE,232,4163.6
Janogali,Potato Seed,Matale,5926,4.6,51,290,4,TRUE,282,5521.6
Saduthara Plant nursery,Onion Seed,Ampara,5276,4.0,45,312,2,TRUE,63,6139.6
Land mark agro Seeds,Potato Seed,Badulla,6357,4.9,3,580,3,FALSE,216,9200.2
Land mark agro Seeds,Onion Seed,Anuradhapura,7265,3.8,2,436,5,TRUE,473,7450.0
Purahanda Enterprises,Corn Seed,Anuradhapura,3789,4.4,2,247,2,TRUE,10,6932.4
Green Grove Fertilizer,Potato Seed,Kurunegala,6058,4.6,16,70,3,TRUE,161,3968.8
Land mark agro Seeds,Corn Seed,Galle,3733,4.5,17,146,1,FALSE,146,5641.8
Green Harvest Agriculture,Corn Seed,Badulla,4181,4.7,48,691,2,FALSE,442,10286.6
Janogali,Potato Seed,Jaffna,8822,4.3,60,677,4,FALSE,367,8062.2
Saduthara Plant nursery,Chili Seed,Ampara,4314,4.5,8,615,5,FALSE,248,10279.4
Land mark agro Seeds,Rice Seed,Nuwara Eliya,3545,4.2,13,464,4,TRUE,266,8986.0
Land mark agro Seeds,Potato Seed,Matale,7993,3.7,57,89,1,TRUE,300,2591.8
Purahanda Enterprises,Pumpkin Seed,Ampara,4529,3.9,35,220,5,FALSE,279,5721.4
Green Grove Fertilizer,Cabbage Seed,Ampara,6840,4.0,39,305,1,FALSE,224,5564.0
Land mark agro Seeds,Chili Seed,Jaffna,5538,4.5,33,583,3,FALSE,35,8969.8
Green Harvest Agriculture,Tomato Seed,Anuradhapura,6659,4.8,25,252,2,TRUE,70,5362.4
Janogali,Cabbage Seed,Polonnaruwa,4162,3.9,9,368,3,FALSE,370,7868.2
Saduthara Plant nursery,Carrot Seed,Monaragala,5719,3.9,29,282,2,TRUE,354,5985.4
Land mark agro Seeds,Tomato Seed,Ratnapura,6184,3.8,54,597,3,TRUE,400,8452.4
Land mark agro Seeds,Carrot Seed,Colombo,5462,4.4,7,164,1,FALSE,215,5333.2
Purahanda Enterprises,Carrot Seed,Galle,5002,4.8,44,348,2,TRUE,438,6605.2
Green Grove Fertilizer,Chili Seed,Matara,5080,4.3,21,569,4,TRUE,194,9259.0
Land mark agro Seeds,Onion Seed,Ratnapura,7108,4.2,38,625,2,TRUE,333,8670.8
Green Harvest Agriculture,Tomato Seed,Badulla,7468,5.0,29,601,4,FALSE,197,8442.8
Janogali,Carrot Seed,Anuradhapura,4678,3.9,32,274,5,FALSE,500,6261.8
Saduthara Plant nursery,Potato Seed,Ratnapura,8983,4.6,16,217,2,FALSE,57,4268.8
Land mark agro Seeds,Pumpkin Seed,Kandy,5404,3.7,3,459,5,TRUE,47,8407.4
Land mark agro Seeds,Rice Seed,Anuradhapura,4012,4.1,37,368,1,FALSE,423,7362.2
Purahanda Enterprises,Pumpkin Seed,Polonnaruwa,5936,3.8,34,364,1,TRUE,464,6621.6
Green Grove Fertilizer,Tomato Seed,Kandy,7074,4.2,4,653,2,TRUE,419,9644.4
Land mark agro Seeds,Rice Seed,Ampara,4577,3.6,46,335,3,FALSE,154,6641.2
Green Harvest Agriculture,Potato Seed,Kurunegala,5602,3.9,42,318,5,FALSE,473,6132.2
Janogali,Onion Seed,Badulla,7419,5.0,43,392,4,FALSE,380,6092.4
Saduthara Plant nursery,Onion Seed,Kurunegala,7785,5.0,5,551,5,TRUE,342,8296.0
Land mark agro Seeds,Chili Seed,Matara,4106,3.6,9,683,1,TRUE,272,11049.6
Land mark agro Seeds,Cabbage Seed,Anuradhapura,4843,4.2,42,444,5,TRUE,150,7686.8
Purahanda Enterprises,Corn Seed,Matara,4863,4.0,48,334,2,TRUE,458,6464.8
Green Grove Fertilizer,Chili Seed,Jaffna,4339,4.9,19,60,3,FALSE,251,4487.4
Land mark agro Seeds,Chili Seed,Badulla,5475,4.1,54,121,2,TRUE,162,3967.0
Green Harvest Agriculture,Onion Seed,Monaragala,6832,4.9,30,202,1,FALSE,447,4690.2
Janogali,Pumpkin Seed,Jaffna,6750,4.6,52,471,3,FALSE,204,6982.0
Saduthara Plant nursery,Potato Seed,Ratnapura,5975,4.6,32,121,4,FALSE,430,4192.0
Land mark agro Seeds,Rice Seed,Kurunegala,4797,4.2,23,443,4,TRUE,318,8075.2
Land mark agro Seeds,Pumpkin Seed,Matara,4572,4.3,24,576,3,FALSE,19,9472.2
Purahanda Enterprises,Cabbage Seed,Kurunegala,5348,4.1,39,516,3,TRUE,136,8267.8
Green Grove Fertilizer,Rice Seed,Colombo,3573,5.0,52,250,3,FALSE,310,6030.8
Land mark agro Seeds,Carrot Seed,Jaffna,5705,4.5,55,461,5,FALSE,285,7243.0
Green Harvest Agriculture,Pumpkin Seed,Anuradhapura,5344,4.7,38,224,5,FALSE,147,5351.4
Janogali,Tomato Seed,Ampara,6978,4.0,56,165,4,FALSE,161,3768.8
Saduthara Plant nursery,Onion Seed,Nuwara Eliya,8149,4.8,34,135,1,FALSE,121,3416.4
Land mark agro Seeds,Bean Seed,Galle,5698,4.1,16,236,2,FALSE,278,5787.8
Land mark agro Seeds,Carrot Seed,Kurunegala,7365,4.7,46,289,5,TRUE,381,5033.0
Purahanda Enterprises,Chili Seed,Badulla,5522,4.8,48,539,1,FALSE,346,8227.2
Green Grove Fertilizer,Carrot Seed,Kurunegala,7399,4.3,3,300,1,FALSE,141,6001.4
Land mark agro Seeds,Onion Seed,Ampara,5834,4.0,31,556,3,TRUE,23,8636.4
Green Harvest Agriculture,Potato Seed,Badulla,7048,4.4,14,552,5,TRUE,430,8438.8
Janogali,Rice Seed,Anuradhapura,5445,4.2,48,299,3,TRUE,270,5876.0
Saduthara Plant nursery,Rice Seed,Matara,4626,4.4,21,418,3,TRUE,426,7927.6
Land mark agro Seeds,Chili Seed,Kandy,6365,3.6,44,138,4,FALSE,223,3996.0
Land mark agro Seeds,Chili Seed,Jaffna,5038,4.0,25,510,3,FALSE,178,8614.8
Purahanda Enterprises,Rice Seed,Matara,4990,3.8,32,142,5,FALSE,57,4820.0
Green Grove Fertilizer,Tomato Seed,Ampara,5040,4.6,45,697,4,FALSE,142,10066.0
Land mark agro Seeds,Chili Seed,Ampara,4530,3.5,22,154,5,FALSE,176,5333.0
Green Harvest Agriculture,Chili Seed,Kurunegala,6739,3.7,60,386,3,TRUE,450,6003.4
Janogali,Bean Seed,Jaffna,4317,4.4,22,72,2,FALSE,471,4571.2
Saduthara Plant nursery,Bean Seed,Galle,3726,4.6,27,63,3,TRUE,101,4611.6
Land mark agro Seeds,Cabbage Seed,Anuradhapura,4767,4.0,11,654,3,FALSE,383,10443.2
Land mark agro Seeds,Rice Seed,Nuwara Eliya,5174,4.8,28,586,4,TRUE,181,9236.4
Purahanda Enterprises,Carrot Seed,Anuradhapura,4913,3.6,56,536,5,TRUE,85,8316.8
Green Grove Fertilizer,Corn Seed,Polonnaruwa,4664,4.9,36,438,1,TRUE,405,7797.4
Land mark agro Seeds,Pumpkin Seed,Matara,6546,4.6,12,502,5,TRUE,220,8173.6
Green Harvest Agriculture,Potato Seed,Colombo,6836,4.8,57,352,2,FALSE,52,5651.6
Janogali,Chili Seed,Nuwara Eliya,6498,3.7,34,422,1,TRUE,442,6979.8
Saduthara Plant nursery,Corn Seed,Badulla,3148,4.8,39,628,1,FALSE,443,10246.8
Land mark agro Seeds,Tomato Seed,Hambantota,6440,4.6,52,374,3,TRUE,275,6136.0
Land mark agro Seeds,Potato Seed,Hambantota,5593,4.8,26,625,5,FALSE,409,9498.8
Purahanda Enterprises,Pumpkin Seed,Nuwara Eliya,6061,3.7,26,159,1,TRUE,292,4684.6
Green Grove Fertilizer,Tomato Seed,Ampara,6004,4.4,42,125,3,TRUE,206,4026.4
Land mark agro Seeds,Bean Seed,Kandy,5777,4.8,16,69,1,TRUE,179,4065.2
Green Harvest Agriculture,Cabbage Seed,Anuradhapura,6208,4.2,37,459,3,TRUE,172,7390.8
Janogali,Pumpkin Seed,Kandy,4377,3.8,41,369,3,FALSE,218,7155.2
Saduthara Plant nursery,Bean Seed,Kandy,5512,4.7,24,89,2,TRUE,335,4214.2
Land mark agro Seeds,Carrot Seed,Polonnaruwa,7354,4.3,54,86,4,FALSE,257,2859.4
Land mark agro Seeds,Bean Seed,Hambantota,4774,4.9,52,657,3,FALSE,259,9623.4
Purahanda Enterprises,Corn Seed,Galle,3049,4.6,17,411,1,TRUE,191,8562.4
Green Grove Fertilizer,Potato Seed,Kurunegala,7483,4.3,20,627,1,TRUE,299,8897.8
Land mark agro Seeds,Cabbage Seed,Ratnapura,4263,4.1,12,103,3,FALSE,331,5111.8
Green Harvest Agriculture,Potato Seed,Colombo,8838,4.6,29,123,3,FALSE,117,3126.8
Janogali,Tomato Seed,Hambantota,6592,5.0,49,607,5,FALSE,60,8453.2
Saduthara Plant nursery,Tomato Seed,Kandy,5685,4.2,14,92,4,TRUE,418,4390.0
Land mark agro Seeds,Pumpkin Seed,Ratnapura,5311,4.5,21,82,4,TRUE,249,4290.6
Land mark agro Seeds,Onion Seed,Matale,6727,4.2,7,540,1,FALSE,185,8593.2
Purahanda Enterprises,Tomato Seed,Kurunegala,5710,4.0,58,391,5,FALSE,492,6496.0
Green Grove Fertilizer,Corn Seed,Matara,4994,4.6,53,223,4,TRUE,432,5184.4
Land mark agro Seeds,Carrot Seed,Kurunegala,5101,4.9,2,609,4,FALSE,76,10012.6
Green Harvest Agriculture,Onion Seed,Hambantota,8336,4.2,17,379,4,FALSE,500,6139.6
Janogali,Onion Seed,Badulla,5126,4.0,10,220,3,TRUE,357,5979.6
Saduthara Plant nursery,Cabbage Seed,Matale,4286,4.9,43,124,4,TRUE,223,4668.6
Land mark agro Seeds,Potato Seed,Jaffna,6582,3.8,32,74,1,TRUE,492,3503.2
Land mark agro Seeds,Carrot Seed,Ratnapura,7523,4.9,60,186,2,TRUE,217,3653.8
Purahanda Enterprises,Onion Seed,Monaragala,7658,3.6,43,87,5,FALSE,210,2988.8
Green Grove Fertilizer,Rice Seed,Kurunegala,5007,4.2,59,360,4,TRUE,222,6441.2
Land mark agro Seeds,Tomato Seed,Colombo,5521,4.6,8,461,3,FALSE,464,8253.6
Green Harvest Agriculture,Pumpkin Seed,Kandy,5924,4.2,50,69,4,TRUE,25,3344.4
Janogali,Carrot Seed,Nuwara Eliya,5225,4.8,53,126,3,TRUE,248,4116.0
Saduthara Plant nursery,Onion Seed,Polonnaruwa,6635,3.6,34,647,1,FALSE,343,9178.0
Land mark agro Seeds,Carrot Seed,Hambantota,5185,4.6,51,626,1,FALSE,228,9178.0
Land mark agro Seeds,Potato Seed,Badulla,8422,4.9,18,527,2,TRUE,474,7544.2
Purahanda Enterprises,Potato Seed,Ampara,6211,5.0,28,498,3,TRUE,415,7935.6
Green Grove Fertilizer,Pumpkin Seed,Kurunegala,4688,4.8,56,285,5,TRUE,395,5860.8
Land mark agro Seeds,Pumpkin Seed,Nuwara Eliya,6360,4.5,38,348,2,TRUE,313,6191.0
Green Harvest Agriculture,Tomato Seed,Ratnapura,5767,4.4,43,107,1,TRUE,32,3921.2
Janogali,Bean Seed,Nuwara Eliya,3940,4.9,2,131,4,FALSE,103,5697.0
Saduthara Plant nursery,Pumpkin Seed,Badulla,4342,4.8,28,128,5,FALSE,178,4989.2
Land mark agro Seeds,Onion Seed,Galle,6045,4.7,40,103,1,FALSE,315,3821.0
Land mark agro Seeds,Potato Seed,Hambantota,8469,4.2,12,647,3,TRUE,27,8866.4
Purahanda Enterprises,Tomato Seed,Kandy,6045,4.0,16,162,3,FALSE,336,4912.0
Green Grove Fertilizer,Cabbage Seed,Galle,4622,4.5,48,573,3,TRUE,309,8936.2
Land mark agro Seeds,Onion Seed,Colombo,6720,4.1,17,77,4,FALSE,343,3769.0
Green Harvest Agriculture,Potato Seed,Hambantota,6123,4.1,23,284,3,FALSE,175,5957.8
Janogali,Potato Seed,Badulla,7797,4.3,55,436,1,FALSE,140,6162.2
Saduthara Plant nursery,Carrot Seed,Nuwara Eliya,5989,4.8,40,72,2,FALSE,384,3530.4
Land mark agro Seeds,Chili Seed,Ratnapura,6987,4.5,34,298,4,FALSE,191,5520.2
Land mark agro Seeds,Bean Seed,Hambantota,5104,5.0,12,400,4,FALSE,161,7718.4
Purahanda Enterprises,Rice Seed,Kurunegala,4727,3.5,41,312,5,TRUE,463,6454.2
Green Grove Fertilizer,Cabbage Seed,Ampara,5465,3.6,48,263,2,FALSE,189,5526.0
Land mark agro Seeds,Carrot Seed,Monaragala,7768,3.5,30,280,3,TRUE,403,5137.8
Green Harvest Agriculture,Corn Seed,Colombo,4448,3.8,31,654,5,TRUE,328,10176.8
Janogali,Carrot Seed,Matale,4830,3.9,42,514,5,FALSE,13,8401.0
Saduthara Plant nursery,Corn Seed,Kurunegala,4165,4.1,32,276,4,TRUE,151,6481.0
Land mark agro Seeds,Corn Seed,Colombo,3954,4.3,43,185,1,FALSE,97,5429.4
Land mark agro Seeds,Carrot Seed,Hambantota,6540,4.7,18,343,2,FALSE,373,6463.0
Purahanda Enterprises,Carrot Seed,Jaffna,7669,3.9,24,603,1,TRUE,177,8515.4
Green Grove Fertilizer,Corn Seed,Matale,4743,4.6,39,451,2,FALSE,66,7844.8
Land mark agro Seeds,Corn Seed,Ratnapura,4332,3.6,4,189,1,FALSE,196,6119.2
Green Harvest Agriculture,Bean Seed,Kurunegala,4218,4.7,55,393,1,TRUE,256,7151.8
Janogali,Chili Seed,Jaffna,6989,4.0,3,88,1,TRUE,155,4054.4
Saduthara Plant nursery,Bean Seed,Monaragala,5266,3.6,51,534,3,FALSE,120,8255.6
Land mark agro Seeds,Rice Seed,Polonnaruwa,3990,4.0,19,129,2,FALSE,482,5344.0
Land mark agro Seeds,Carrot Seed,Kurunegala,5786,4.2,30,287,5,FALSE,312,5979.6
Purahanda Enterprises,Tomato Seed,Badulla,5532,4.9,43,196,2,FALSE,485,4890.2
Green Grove Fertilizer,Carrot Seed,Monaragala,6019,4.6,28,133,5,TRUE,289,4374.4
Land mark agro Seeds,Bean Seed,Polonnaruwa,6367,4.8,5,381,4,TRUE,296,7169.2
Green Harvest Agriculture,Tomato Seed,Matale,7058,4.6,31,253,4,TRUE,343,5098.8
Janogali,Cabbage Seed,Anuradhapura,6613,4.4,30,491,1,TRUE,238,7682.8
Saduthara Plant nursery,Tomato Seed,Hambantota,5491,4.6,51,667,2,FALSE,448,9465.6
Land mark agro Seeds,Tomato Seed,Jaffna,7044,5.0,51,306,4,FALSE,412,5222.4
Land mark agro Seeds,Chili Seed,Nuwara Eliya,4670,4.8,40,545,3,TRUE,121,8788.0
Purahanda Enterprises,Rice Seed,Hambantota,4176,3.6,42,121,4,TRUE,305,4741.6
Green Grove Fertilizer,Pumpkin Seed,Ampara,4589,3.6,12,484,1,TRUE,451,8806.4
Land mark agro Seeds,Carrot Seed,Hambantota,5850,4.7,40,699,1,TRUE,136,9859.0
Green Harvest Agriculture,Potato Seed,Galle,7806,3.8,44,442,4,TRUE,39,6453.6
Janogali,Pumpkin Seed,Anuradhapura,6244,4.1,20,452,5,FALSE,319,7649.4
Saduthara Plant nursery,Rice Seed,Polonnaruwa,4113,4.0,41,202,5,FALSE,231,5584.8
Land mark agro Seeds,Cabbage Seed,Matara,6558,4.9,27,237,1,FALSE,331,5209.8
Land mark agro Seeds,Potato Seed,Kurunegala,8485,4.9,37,208,4,FALSE,290,3949.0
Purahanda Enterprises,Chili Seed,Matara,4134,4.3,49,550,3,FALSE,332,8887.4
Green Grove Fertilizer,Potato Seed,Kandy,5753,4.9,13,614,1,TRUE,116,9581.8
Land mark agro Seeds,Bean Seed,Anuradhapura,3595,3.6,4,329,3,TRUE,203,7814.0
Green Harvest Agriculture,Corn Seed,Nuwara Eliya,4685,4.5,47,330,5,FALSE,425,6501.0
Janogali,Corn Seed,Hambantota,4235,4.3,41,561,5,FALSE,495,9117.0
Saduthara Plant nursery,Tomato Seed,Kurunegala,4703,4.7,60,356,4,TRUE,413,6487.8
Land mark agro Seeds,Carrot Seed,Colombo,7401,3.6,51,254,3,TRUE,260,4601.6
Land mark agro Seeds,Onion Seed,Anuradhapura,7364,4.3,44,340,4,FALSE,96,5595.4
Purahanda Enterprises,Carrot Seed,Monaragala,5081,4.0,56,372,2,FALSE,449,6597.6
Green Grove Fertilizer,Corn Seed,Ratnapura,3520,3.7,32,330,4,TRUE,420,7291.0
Land mark agro Seeds,Tomato Seed,Ampara,7242,4.8,32,679,4,TRUE,76,9259.2
Green Harvest Agriculture,Potato Seed,Matale,8518,4.0,20,96,3,FALSE,492,3182.8
Janogali,Carrot Seed,Ratnapura,6804,4.1,34,477,4,FALSE,486,7395.4
Saduthara Plant nursery,Tomato Seed,Galle,4868,3.9,3,367,5,FALSE,212,7695.8
Land mark agro Seeds,Chili Seed,Matale,4851,4.2,34,397,5,TRUE,398,7373.6
Land mark agro Seeds,Onion Seed,Kandy,6251,3.8,59,86,4,TRUE,214,3215.6
Purahanda Enterprises,Corn Seed,Hambantota,3808,3.6,24,280,5,TRUE,62,6838.8
Green Grove Fertilizer,Rice Seed,Hambantota,4831,4.3,42,202,3,TRUE,346,5268.6
Land mark agro Seeds,Tomato Seed,Jaffna,5113,3.7,48,151,4,FALSE,21,4543.8
Green Harvest Agriculture,Rice Seed,Galle,4256,4.2,45,642,1,FALSE,433,9841.6
Janogali,Rice Seed,Badulla,5309,4.5,6,686,5,TRUE,405,10631.4
Saduthara Plant nursery,Chili Seed,Anuradhapura,6524,4.9,20,53,2,FALSE,84,3523.4
Land mark agro Seeds,Potato Seed,Matale,6220,4.0,9,54,2,TRUE,157,3902.0
Land mark agro Seeds,Cabbage Seed,Monaragala,5768,4.1,2,647,5,TRUE,378,10149.8
Purahanda Enterprises,Pumpkin Seed,Badulla,6128,5.0,10,534,3,FALSE,458,8688.8
Green Grove Fertilizer,Chili Seed,Kurunegala,5919,3.8,39,114,5,FALSE,56,4028.4
Land mark agro Seeds,Potato Seed,Nuwara Eliya,8704,4.0,13,651,4,TRUE,228,8798.4
Green Harvest Agriculture,Corn Seed,Matara,4982,4.6,51,253,4,FALSE,457,5529.2
Janogali,Potato Seed,Colombo,6851,4.6,12,283,3,FALSE,126,5861.6
Saduthara Plant nursery,Chili Seed,Colombo,4952,4.3,14,72,4,FALSE,406,4480.2
Land mark agro Seeds,Potato Seed,Nuwara Eliya,6290,4.4,22,115,1,TRUE,137,4212.0
Land mark agro Seeds,Corn Seed,Colombo,3973,4.2,47,617,4,FALSE,96,9664.8
Purahanda Enterprises,Carrot Seed,Matale,5560,4.5,45,387,1,TRUE,402,6761.0
Green Grove Fertilizer,Onion Seed,Kurunegala,7980,4.9,36,558,1,FALSE,397,7671.0
Land mark agro Seeds,Chili Seed,Hambantota,5219,4.7,37,647,4,TRUE,167,9651.4
Green Harvest Agriculture,Cabbage Seed,Anuradhapura,4068,4.2,23,424,5,TRUE,314,8176.8
Janogali,Onion Seed,Colombo,6797,3.9,53,644,1,FALSE,41,8694.2
Saduthara Plant nursery,Potato Seed,Ampara,6595,4.0,22,585,2,FALSE,433,8802.0
Land mark agro Seeds,Tomato Seed,Ratnapura,6174,4.2,51,161,3,TRUE,411,4144.4
Land mark agro Seeds,Tomato Seed,Galle,5252,3.6,23,635,2,TRUE,489,9831.2
Purahanda Enterprises,Rice Seed,Ratnapura,5471,4.0,43,82,5,FALSE,468,3801.6
Green Grove Fertilizer,Pumpkin Seed,Matale,6030,4.7,30,93,5,TRUE,60,3927.0
Land mark agro Seeds,Bean Seed,Kandy,3784,3.9,36,238,5,FALSE,151,6179.4
Green Harvest Agriculture,Chili Seed,Colombo,6963,3.6,55,661,5,TRUE,22,8766.8
Janogali,Pumpkin Seed,Hambantota,6549,4.7,7,448,3,FALSE,102,7729.4
Saduthara Plant nursery,Rice Seed,Nuwara Eliya,3967,4.6,15,622,3,FALSE,291,10345.2
Land mark agro Seeds,Cabbage Seed,Hambantota,5737,4.1,41,51,4,TRUE,186,3422.2
Land mark agro Seeds,Pumpkin Seed,Anuradhapura,5144,4.1,49,62,2,FALSE,461,3609.4
Purahanda Enterprises,Bean Seed,Anuradhapura,6098,3.5,39,566,1,FALSE,119,8485.8
Green Grove Fertilizer,Cabbage Seed,Ratnapura,4457,4.6,3,446,1,FALSE,145,8629.2
Land mark agro Seeds,Carrot Seed,Hambantota,4640,4.5,44,165,2,TRUE,361,4929.0
Green Harvest Agriculture,Pumpkin Seed,Kandy,4029,3.7,45,502,5,TRUE,144,8547.4
Janogali,Potato Seed,Kandy,5654,3.8,38,452,2,FALSE,142,7534.4
Saduthara Plant nursery,Potato Seed,Hambantota,6202,4.5,41,165,2,FALSE,43,4364.2
Land mark agro Seeds,Tomato Seed,Galle,4848,3.9,10,425,1,TRUE,98,8143.8
Land mark agro Seeds,Chili Seed,Matale,6480,4.7,51,55,2,TRUE,38,2947.0
Purahanda Enterprises,Tomato Seed,Colombo,6039,3.5,7,485,3,FALSE,40,8339.4
Green Grove Fertilizer,Bean Seed,Badulla,4171,3.9,10,500,4,TRUE,202,9164.6
Land mark agro Seeds,Pumpkin Seed,Colombo,5279,3.9,42,534,2,TRUE,126,8421.4
Green Harvest Agriculture,Carrot Seed,Kurunegala,7284,3.9,7,212,2,FALSE,468,5099.4
Janogali,Onion Seed,Ampara,7270,4.7,8,154,5,FALSE,60,4481.0
Saduthara Plant nursery,Rice Seed,Anuradhapura,3974,3.8,57,225,3,FALSE,165,5556.4
Land mark agro Seeds,Rice Seed,Ratnapura,4966,4.5,16,133,5,FALSE,191,5038.6
Land mark agro Seeds,Rice Seed,Matara,5087,4.8,2,447,3,TRUE,82,8401.2
Purahanda Enterprises,Chili Seed,Matara,6402,4.2,42,342,4,TRUE,105,6043.2
Green Grove Fertilizer,Chili Seed,Polonnaruwa,4941,4.6,55,301,3,FALSE,202,5945.6
Land mark agro Seeds,Rice Seed,Polonnaruwa,4797,3.9,9,360,3,TRUE,373,7534.2
Green Harvest Agriculture,Carrot Seed,Jaffna,4997,4.8,36,645,2,TRUE,485,9737.2
Janogali,Rice Seed,Jaffna,5269,4.9,57,424,1,TRUE,423,6995.4
Saduthara Plant nursery,Corn Seed,Jaffna,3554,3.7,39,681,2,TRUE,104,10647.4
Land mark agro Seeds,Bean Seed,Colombo,3818,3.9,51,99,2,FALSE,435,4475.8
Land mark agro Seeds,Corn Seed,Matara,3958,4.0,44,104,5,TRUE,219,4606.8
Purahanda Enterprises,Bean Seed,Badulla,5357,4.8,13,372,2,TRUE,383,7323.2
Green Grove Fertilizer,Pumpkin Seed,Matara,4114,3.6,11,463,1,FALSE,469,8806.4
Land mark agro Seeds,Cabbage Seed,Anuradhapura,4463,4.2,47,276,3,TRUE,124,6058.8
Green Harvest Agriculture,Cabbage Seed,Kandy,5026,4.4,5,112,5,FALSE,418,5027.6
Janogali,Cabbage Seed,Galle,5654,3.8,19,385,3,FALSE,448,7244.4
Saduthara Plant nursery,Bean Seed,Matara,5617,4.0,21,233,4,FALSE,19,5693.2
Land mark agro Seeds,Cabbage Seed,Matara,4313,4.6,39,418,4,TRUE,151,7686.8
Land mark agro Seeds,Cabbage Seed,Monaragala,4698,4.0,27,604,5,TRUE,139,9650.8
Purahanda Enterprises,Cabbage Seed,Polonnaruwa,6638,4.9,15,348,5,TRUE,347,6527.8
Green Grove Fertilizer,Tomato Seed,Monaragala,4799,4.1,38,493,3,FALSE,345,8277.4
Land mark agro Seeds,Cabbage Seed,Ratnapura,5255,3.5,60,465,4,FALSE,244,7393.0
Green Harvest Agriculture,Bean Seed,Ampara,5157,3.7,31,515,3,FALSE,211,8506.2
Janogali,Chili Seed,Monaragala,5126,5.0,50,603,3,FALSE,21,8979.6
Saduthara Plant nursery,Tomato Seed,Badulla,4651,4.0,44,69,4,FALSE,278,3979.6
Land mark agro Seeds,Chili Seed,Colombo,4385,4.8,4,210,5,FALSE,133,6272.0
Land mark agro Seeds,Carrot Seed,Polonnaruwa,7215,5.0,45,599,4,FALSE,96,8204.0
Purahanda Enterprises,Onion Seed,Anuradhapura,5767,4.3,32,92,4,TRUE,388,3994.2
Green Grove Fertilizer,Corn Seed,Matale,3884,5.0,17,600,4,TRUE,478,10106.4
Land mark agro Seeds,Chili Seed,Monaragala,6182,4.3,42,100,1,FALSE,213,3708.2
Green Harvest Agriculture,Rice Seed,Galle,3872,3.6,41,186,2,TRUE,157,5533.2
Janogali,Potato Seed,Ampara,7504,4.8,27,216,4,TRUE,359,4624.4
Saduthara Plant nursery,Onion Seed,Badulla,8024,3.6,37,304,2,TRUE,488,5132.4
Land mark agro Seeds,Carrot Seed,Badulla,7290,3.5,46,699,1,TRUE,250,9199.0
Land mark agro Seeds,Corn Seed,Colombo,4680,4.8,14,405,2,TRUE,215,7904.0
Purahanda Enterprises,Tomato Seed,Polonnaruwa,4648,3.5,12,693,2,TRUE,182,10875.8
Green Grove Fertilizer,Carrot Seed,Anuradhapura,5140,3.6,3,579,1,TRUE,355,9716.0
Land mark agro Seeds,Potato Seed,Hambantota,8479,4.5,57,682,5,TRUE,108,8303.4
Green Harvest Agriculture,Carrot Seed,Matale,7308,4.6,49,626,2,TRUE,311,8368.8
Janogali,Tomato Seed,Hambantota,6671,5.0,26,643,5,TRUE,260,9241.6
Saduthara Plant nursery,Potato Seed,Ratnapura,8773,4.8,8,315,5,FALSE,491,5486.8
Land mark agro Seeds,Rice Seed,Matale,5270,4.5,43,481,5,FALSE,109,7857.0
Land mark agro Seeds,Carrot Seed,Monaragala,6247,3.9,48,569,1,FALSE,92,8264.2
Purahanda Enterprises,Rice Seed,Kandy,3621,4.7,58,603,1,TRUE,442,9430.6
Green Grove Fertilizer,Potato Seed,Matara,5985,3.6,42,225,1,FALSE,278,5058.0
Land mark agro Seeds,Bean Seed,Colombo,4792,3.7,8,528,4,TRUE,270,9242.2
Green Harvest Agriculture,Corn Seed,Matale,3379,3.6,34,440,5,FALSE,225,8410.4
Janogali,Corn Seed,Kandy,4711,3.6,49,531,5,TRUE,269,8487.6
Saduthara Plant nursery,Corn Seed,Anuradhapura,4268,4.9,48,302,2,TRUE,487,6355.8
Land mark agro Seeds,Bean Seed,Nuwara Eliya,4667,4.2,17,53,3,TRUE,154,4347.2
Land mark agro Seeds,Chili Seed,Kurunegala,4354,4.7,52,307,1,FALSE,243,6297.4
Purahanda Enterprises,Chili Seed,Badulla,6893,4.8,29,547,4,FALSE,312,8138.8
Green Grove Fertilizer,Corn Seed,Kandy,4911,4.9,35,152,1,TRUE,438,4858.6
Land mark agro Seeds,Rice Seed,Colombo,4288,4.6,47,174,2,FALSE,219,5096.8
Green Harvest Agriculture,Chili Seed,Ampara,6774,4.3,26,635,1,FALSE,21,9141.4
Janogali,Pumpkin Seed,Ratnapura,4931,4.2,44,199,4,TRUE,69,5161.6
Saduthara Plant nursery,Tomato Seed,Kandy,6328,3.9,44,379,2,TRUE,313,6411.8
Land mark agro Seeds,Rice Seed,Polonnaruwa,5484,3.8,30,226,5,FALSE,265,5502.4
Land mark agro Seeds,Bean Seed,Kandy,6302,4.9,34,161,2,TRUE,499,4412.2
Purahanda Enterprises,Onion Seed,Ampara,7213,4.9,17,659,1,TRUE,140,9367.8
Green Grove Fertilizer,Onion Seed,Galle,6347,4.8,39,450,3,TRUE,458,7187.2
Land mark agro Seeds,Cabbage Seed,Galle,4423,4.7,42,271,3,FALSE,312,6109.8
Green Harvest Agriculture,Bean Seed,Nuwara Eliya,5821,4.7,42,695,1,FALSE,285,9790.6
Janogali,Cabbage Seed,Kurunegala,6019,4.3,9,50,3,FALSE,211,3933.4
Saduthara Plant nursery,Rice Seed,Badulla,4286,4.4,21,401,1,FALSE,15,7893.6
Land mark agro Seeds,Corn Seed,Kandy,4029,4.8,52,587,3,TRUE,280,9224.4
Land mark agro Seeds,Carrot Seed,Galle,6714,4.5,22,615,2,FALSE,496,9039.4
Purahanda Enterprises,Cabbage Seed,Anuradhapura,5003,3.8,30,345,5,TRUE,178,6884.8
Green Grove Fertilizer,Cabbage Seed,Kurunegala,6943,4.4,20,68,2,FALSE,480,3520.8
Land mark agro Seeds,Corn Seed,Matara,4152,4.7,48,243,5,FALSE,58,5818.2
Green Harvest Agriculture,Tomato Seed,Jaffna,4821,4.4,23,222,5,TRUE,288,5849.6
Janogali,Corn Seed,Jaffna,4285,3.5,27,365,1,FALSE,464,7441.0
Saduthara Plant nursery,Cabbage Seed,Badulla,4510,4.5,13,99,4,TRUE,467,4941.0
Land mark agro Seeds,Chili Seed,Ampara,4812,4.4,33,196,4,FALSE,74,5393.2
Land mark agro Seeds,Chili Seed,Colombo,5463,4.9,60,624,1,FALSE,281,8857.8
Purahanda Enterprises,Potato Seed,Monaragala,8712,5.0,45,336,1,FALSE,40,4975.2
Green Grove Fertilizer,Pumpkin Seed,Polonnaruwa,4461,4.7,14,236,5,TRUE,58,6304.6
Land mark agro Seeds,Cabbage Seed,Monaragala,5532,4.8,26,153,1,TRUE,482,4803.2
Green Harvest Agriculture,Tomato Seed,Galle,6980,3.7,16,346,3,TRUE,472,6387.0
Janogali,Cabbage Seed,Badulla,4870,4.6,28,95,4,TRUE,317,4454.0
Saduthara Plant nursery,Cabbage Seed,Monaragala,5277,5.0,56,362,4,TRUE,161,6389.2
Land mark agro Seeds,Carrot Seed,Ampara,6872,4.9,24,645,1,TRUE,407,9224.2
Land mark agro Seeds,Onion Seed,Jaffna,5606,4.8,37,483,3,TRUE,473,7853.6
Purahanda Enterprises,Rice Seed,Anuradhapura,4965,4.5,39,299,3,TRUE,251,6239.0
Green Grove Fertilizer,Tomato Seed,Monaragala,6339,4.2,30,417,2,TRUE,31,7058.4
Land mark agro Seeds,Bean Seed,Galle,4514,3.8,53,55,5,FALSE,167,3720.4
Green Harvest Agriculture,Tomato Seed,Monaragala,7289,4.5,46,311,3,FALSE,296,5289.4
Janogali,Carrot Seed,Kandy,6011,4.1,11,142,3,FALSE,170,4822.6
Saduthara Plant nursery,Cabbage Seed,Nuwara Eliya,4290,4.5,25,575,3,FALSE,196,9549.0
Land mark agro Seeds,Rice Seed,Polonnaruwa,4611,4.1,28,190,1,FALSE,412,5522.6
Land mark agro Seeds,Corn Seed,Galle,4867,3.8,16,95,1,FALSE,469,4719.2
Purahanda Enterprises,Carrot Seed,Kurunegala,4640,3.8,2,238,3,TRUE,150,6520.0
Green Grove Fertilizer,Potato Seed,Hambantota,7088,3.5,33,422,3,TRUE,136,6769.8
Land mark agro Seeds,Carrot Seed,Kandy,7143,4.0,42,623,2,FALSE,100,8562.8
Green Harvest Agriculture,Rice Seed,Ampara,4320,4.3,50,298,4,FALSE,27,6273.0
Janogali,Corn Seed,Anuradhapura,3384,4.7,55,697,5,FALSE,399,10525.4
Saduthara Plant nursery,Pumpkin Seed,Hambantota,6260,4.0,12,453,1,TRUE,221,7816.0
Land mark agro Seeds,Cabbage Seed,Matara,4437,3.7,9,252,2,FALSE,336,6604.2
Land mark agro Seeds,Carrot Seed,Matara,5941,4.9,46,656,5,TRUE,485,9266.6
Purahanda Enterprises,Chili Seed,Matara,6720,4.6,25,190,3,FALSE,146,4724.0
Green Grove Fertilizer,Bean Seed,Nuwara Eliya,5739,4.4,20,242,1,FALSE,346,5742.4
Land mark agro Seeds,Tomato Seed,Polonnaruwa,4578,4.7,8,91,5,TRUE,74,4927.8
Green Harvest Agriculture,Carrot Seed,Colombo,7329,4.2,14,599,4,FALSE,33,8802.4
Janogali,Onion Seed,Monaragala,5454,4.1,5,131,2,TRUE,161,5055.4
Saduthara Plant nursery,Bean Seed,Ampara,4438,4.3,44,566,5,FALSE,142,9025.8
Land mark agro Seeds,Onion Seed,Galle,6113,3.9,17,667,2,FALSE,128,9917.8
Land mark agro Seeds,Onion Seed,Hambantota,5561,4.6,27,592,5,TRUE,162,9167.6
Purahanda Enterprises,Bean Seed,Galle,4055,4.5,24,227,5,TRUE,335,6183.0
Green Grove Fertilizer,Bean Seed,Hambantota,3725,3.9,13,363,4,TRUE,379,7913.0
Land mark agro Seeds,Potato Seed,Jaffna,7213,4.4,7,183,5,TRUE,131,4822.8
Green Harvest Agriculture,Rice Seed,Polonnaruwa,4176,3.6,42,461,5,TRUE,26,8141.6
Janogali,Onion Seed,Hambantota,6371,3.5,39,320,4,FALSE,194,5916.6
Saduthara Plant nursery,Bean Seed,Hambantota,6136,3.7,35,190,2,TRUE,243,4784.6
Land mark agro Seeds,Rice Seed,Ratnapura,5192,4.6,34,411,4,TRUE,187,7365.2
Land mark agro Seeds,Corn Seed,Galle,3952,5.0,5,103,3,FALSE,122,5349.2
Purahanda Enterprises,Corn Seed,Polonnaruwa,3678,5.0,21,403,2,FALSE,494,8138.8
Green Grove Fertilizer,Rice Seed,Kurunegala,3787,3.5,54,679,4,TRUE,35,10240.2
Land mark agro Seeds,Tomato Seed,Galle,6607,4.4,58,394,5,TRUE,376,6155.2
Green Harvest Agriculture,Bean Seed,Badulla,4320,4.1,33,277,1,FALSE,403,6409.0
Janogali,Pumpkin Seed,Badulla,5819,3.5,32,285,2,FALSE,385,5927.4
Saduthara Plant nursery,Onion Seed,Colombo,5183,4.4,46,294,2,FALSE,212,5964.8
Land mark agro Seeds,Onion Seed,Ratnapura,5103,4.9,21,143,1,FALSE,412,4971.8
Land mark agro Seeds,Carrot Seed,Kandy,6953,4.9,7,191,1,FALSE,396,4991.8
Purahanda Enterprises,Carrot Seed,Hambantota,6597,4.9,2,216,5,FALSE,371,5484.2
Green Grove Fertilizer,Pumpkin Seed,Matale,4473,4.5,36,165,4,TRUE,364,5155.8
Land mark agro Seeds,Carrot Seed,Galle,6632,4.6,15,578,3,TRUE,107,8839.2
Green Harvest Agriculture,Cabbage Seed,Polonnaruwa,5648,4.8,12,201,2,FALSE,441,5516.8
Janogali,Rice Seed,Monaragala,4912,5.0,14,107,2,FALSE,260,4825.2
Saduthara Plant nursery,Potato Seed,Colombo,8456,4.9,56,147,4,TRUE,42,2970.6
Land mark agro Seeds,Corn Seed,Kurunegala,3711,4.7,12,101,5,FALSE,332,5294.6
Land mark agro Seeds,Rice Seed,Colombo,3979,4.8,13,405,5,TRUE,294,8204.4
Purahanda Enterprises,Bean Seed,Hambantota,3615,4.4,7,161,3,TRUE,407,6042.0
Green Grove Fertilizer,Bean Seed,Nuwara Eliya,4883,4.2,13,203,1,FALSE,396,5840.8
Land mark agro Seeds,Carrot Seed,Kurunegala,6478,4.1,45,476,3,TRUE,94,7295.8
Green Harvest Agriculture,Carrot Seed,Kandy,4730,4.9,38,692,5,TRUE,123,10271.0
Janogali,Potato Seed,Kandy,5895,4.9,59,108,3,FALSE,245,3545.0
Saduthara Plant nursery,Onion Seed,Galle,6708,3.5,52,661,5,TRUE,412,8931.8
Land mark agro Seeds,Tomato Seed,Matale,5623,3.9,29,181,2,TRUE,28,5013.8
Land mark agro Seeds,Corn Seed,Colombo,3304,3.5,20,354,3,TRUE,35,7863.4
Purahanda Enterprises,Chili Seed,Polonnaruwa,6598,4.8,41,549,4,FALSE,475,8036.8
Green Grove Fertilizer,Cabbage Seed,Anuradhapura,6493,3.7,9,421,3,TRUE,172,7471.8
Land mark agro Seeds,Corn Seed,Jaffna,3425,4.3,37,620,5,TRUE,110,10111.0
Green Harvest Agriculture,Onion Seed,Jaffna,8004,4.8,45,671,4,FALSE,192,8614.4
Janogali,Onion Seed,Ampara,5890,3.5,16,345,5,FALSE,325,6819.0
Saduthara Plant nursery,Bean Seed,Colombo,4848,4.4,47,661,5,TRUE,20,9748.8
Land mark agro Seeds,Carrot Seed,Hambantota,5169,3.6,8,140,2,FALSE,55,5214.4
Land mark agro Seeds,Tomato Seed,Ampara,7331,3.9,4,328,2,FALSE,393,6300.6
Purahanda Enterprises,Tomato Seed,Polonnaruwa,6791,4.2,27,218,2,FALSE,110,4947.6
Green Grove Fertilizer,Bean Seed,Anuradhapura,6183,4.5,29,572,4,FALSE,269,8681.8
Land mark agro Seeds,Onion Seed,Matara,8297,4.1,45,213,4,TRUE,221,3938.2
Green Harvest Agriculture,Pumpkin Seed,Anuradhapura,4557,3.7,5,260,1,TRUE,124,6716.2
Janogali,Carrot Seed,Badulla,6865,3.6,35,109,1,FALSE,138,3686.0
Saduthara Plant nursery,Onion Seed,Monaragala,6566,4.8,5,554,2,TRUE,74,8819.6
Land mark agro Seeds,Pumpkin Seed,Kurunegala,4747,4.8,45,547,3,TRUE,132,8677.2
Land mark agro Seeds,Tomato Seed,Jaffna,6998,3.9,52,56,1,TRUE,67,2753.8
Purahanda Enterprises,Potato Seed,Nuwara Eliya,8452,4.1,3,496,3,TRUE,121,7546.2
Green Grove Fertilizer,Pumpkin Seed,Matara,6481,3.6,36,403,5,FALSE,472,6759.6
Land mark agro Seeds,Corn Seed,Galle,4598,4.0,38,453,2,TRUE,60,7960.8
Green Harvest Agriculture,Corn Seed,Matara,3306,3.8,53,190,3,FALSE,246,5553.6
Janogali,Chili Seed,Badulla,6979,3.6,26,415,2,FALSE,174,6880.4
Saduthara Plant nursery,Chili Seed,Nuwara Eliya,5704,4.4,11,662,4,FALSE,456,10136.4
Land mark agro Seeds,Onion Seed,Matale,5199,4.4,37,345,2,FALSE,207,6648.4
Land mark agro Seeds,Potato Seed,Polonnaruwa,6981,3.7,28,238,1,FALSE,393,5066.6
Purahanda Enterprises,Tomato Seed,Nuwara Eliya,7236,3.9,36,676,5,FALSE,481,9178.6
Green Grove Fertilizer,Rice Seed,Kandy,3796,3.6,56,504,2,FALSE,219,8443.6
Land mark agro Seeds,Bean Seed,Kurunegala,4449,4.8,41,242,4,FALSE,326,5826.4
Green Harvest Agriculture,Pumpkin Seed,Kurunegala,4654,4.0,20,469,2,FALSE,404,8458.4
Janogali,Chili Seed,Nuwara Eliya,4155,3.8,56,666,5,TRUE,129,9914.0
Saduthara Plant nursery,Pumpkin Seed,Anuradhapura,6152,3.6,37,563,5,TRUE,190,8471.2
Land mark agro Seeds,Bean Seed,Hambantota,4753,4.5,16,394,2,FALSE,237,7733.8
Land mark agro Seeds,Potato Seed,Jaffna,5527,3.6,30,352,3,FALSE,46,6751.2
Purahanda Enterprises,Pumpkin Seed,Kandy,5082,4.5,54,292,4,TRUE,171,5822.2
Green Grove Fertilizer,Cabbage Seed,Ampara,5020,4.3,24,373,5,TRUE,418,7263.0
Land mark agro Seeds,Chili Seed,Badulla,6716,4.8,37,96,2,FALSE,99,3539.6
Green Harvest Agriculture,Rice Seed,Kurunegala,4673,3.5,54,349,4,FALSE,293,6585.8
Janogali,Bean Seed,Badulla,3924,5.0,15,77,3,TRUE,462,4900.4
Saduthara Plant nursery,Chili Seed,Anuradhapura,6749,4.2,12,90,1,FALSE,369,3984.4
Land mark agro Seeds,Pumpkin Seed,Kurunegala,4768,4.8,8,58,2,FALSE,246,4518.8
Land mark agro Seeds,Carrot Seed,Matara,7800,4.3,38,683,3,FALSE,53,8971.0
Purahanda Enterprises,Potato Seed,Matale,6013,4.7,2,104,2,FALSE,153,4603.8
Green Grove Fertilizer,Potato Seed,Ratnapura,5869,4.7,22,512,3,FALSE,246,8341.4
Land mark agro Seeds,Rice Seed,Kandy,4901,4.4,15,469,4,TRUE,180,8447.6
Green Harvest Agriculture,Corn Seed,Galle,3021,4.5,30,69,2,TRUE,137,4896.6
Janogali,Rice Seed,Kandy,4126,4.3,50,396,4,TRUE,301,7330.6
Saduthara Plant nursery,Tomato Seed,Colombo,5732,4.8,10,602,2,TRUE,468,9533.2
Land mark agro Seeds,Bean Seed,Matale,5493,4.2,41,297,4,TRUE,457,5976.8
Land mark agro Seeds,Carrot Seed,Badulla,7149,3.9,35,463,2,FALSE,131,7103.4
Purahanda Enterprises,Bean Seed,Galle,4688,4.6,32,137,2,FALSE,87,4866.8
Green Grove Fertilizer,Cabbage Seed,Ampara,6424,4.1,3,272,4,FALSE,450,6117.4
Land mark agro Seeds,Chili Seed,Badulla,4055,4.2,59,317,3,TRUE,201,6392.0
Green Harvest Agriculture,Corn Seed,Badulla,3324,4.3,53,469,4,TRUE,208,8321.4
Janogali,Onion Seed,Badulla,7733,4.3,42,179,1,FALSE,408,3877.8
Saduthara Plant nursery,Tomato Seed,Badulla,5470,4.9,55,138,2,FALSE,397,4095.0
Land mark agro Seeds,Onion Seed,Hambantota,6363,4.9,6,113,5,FALSE,257,4467.8
Land mark agro Seeds,Tomato Seed,Kurunegala,6683,4.6,45,593,3,TRUE,150,8368.8
Purahanda Enterprises,Potato Seed,Badulla,7494,4.5,33,323,2,TRUE,131,5587.4
Green Grove Fertilizer,Onion Seed,Ampara,8209,3.6,4,103,5,TRUE,25,3708.4
Land mark agro Seeds,Cabbage Seed,Ratnapura,6549,4.0,43,544,4,FALSE,29,7990.4
Green Harvest Agriculture,Cabbage Seed,Hambantota,5720,4.7,20,327,3,FALSE,88,6591.0
Janogali,Corn Seed,Hambantota,4240,4.9,60,185,5,TRUE,96,4957.0
Saduthara Plant nursery,Tomato Seed,Kandy,6938,3.8,12,617,4,TRUE,116,9190.8
Land mark agro Seeds,Onion Seed,Matara,5693,4.5,10,168,2,TRUE,293,5217.8
Land mark agro Seeds,Onion Seed,Anuradhapura,8380,4.4,8,222,3,TRUE,69,4726.0
Purahanda Enterprises,Carrot Seed,Nuwara Eliya,6362,4.5,23,665,2,FALSE,332,9660.2
Green Grove Fertilizer,Cabbage Seed,Galle,5821,4.3,4,453,2,TRUE,398,8142.6
Land mark agro Seeds,Potato Seed,Ratnapura,5635,4.8,26,230,5,TRUE,14,5532.0
Green Harvest Agriculture,Cabbage Seed,Nuwara Eliya,4431,4.2,28,614,5,TRUE,496,9831.6
Janogali,Cabbage Seed,Colombo,4139,4.9,42,624,5,TRUE,457,9747.4
Saduthara Plant nursery,Pumpkin Seed,Anuradhapura,4837,3.8,17,438,3,TRUE,173,8141.2
Land mark agro Seeds,Rice Seed,Nuwara Eliya,3703,4.8,49,64,2,TRUE,183,4184.8
Land mark agro Seeds,Chili Seed,Ampara,4029,4.4,47,203,3,FALSE,415,5496.4
Purahanda Enterprises,Bean Seed,Matara,4731,3.7,20,524,5,TRUE,363,8986.6
Green Grove Fertilizer,Onion Seed,Hambantota,7152,3.6,33,311,2,FALSE,246,5631.2
Land mark agro Seeds,Chili Seed,Anuradhapura,4514,4.9,22,641,3,TRUE,58,10167.4
Green Harvest Agriculture,Corn Seed,Colombo,4029,4.8,53,539,4,FALSE,126,8724.4
Janogali,Corn Seed,Ampara,3082,4.1,5,474,2,FALSE,203,9434.2
Saduthara Plant nursery,Rice Seed,Badulla,4068,4.8,41,531,5,FALSE,159,8868.8
Land mark agro Seeds,Pumpkin Seed,Badulla,6574,4.5,20,353,4,TRUE,352,6515.4
Land mark agro Seeds,Corn Seed,Jaffna,3334,4.5,40,553,2,FALSE,223,9411.4
Purahanda Enterprises,Bean Seed,Galle,6265,4.4,24,147,3,TRUE,264,4502.0
Green Grove Fertilizer,Potato Seed,Kurunegala,7393,4.9,7,313,4,FALSE,337,6035.8
Land mark agro Seeds,Tomato Seed,Polonnaruwa,4855,4.1,22,643,4,TRUE,176,10075.0
Green Harvest Agriculture,Carrot Seed,Ampara,7593,4.4,51,522,5,FALSE,87,7180.8
Janogali,Potato Seed,Monaragala,6108,4.6,47,114,1,TRUE,387,3768.8
Saduthara Plant nursery,Onion Seed,Hambantota,6809,4.8,39,232,1,FALSE,119,4822.4
Land mark agro Seeds,Potato Seed,Galle,6124,4.1,2,219,1,TRUE,219,5727.4
Land mark agro Seeds,Carrot Seed,Kurunegala,7527,4.1,48,355,1,FALSE,31,5606.2
Purahanda Enterprises,Cabbage Seed,Nuwara Eliya,4804,4.7,42,108,3,TRUE,58,4327.4
Green Grove Fertilizer,Corn Seed,Badulla,4315,3.8,49,376,1,TRUE,207,7090.0
Land mark agro Seeds,Tomato Seed,Kurunegala,5535,4.1,22,260,2,FALSE,308,5973.0
Green Harvest Agriculture,Cabbage Seed,Kandy,4335,3.6,34,103,5,FALSE,305,4658.0
Janogali,Potato Seed,Nuwara Eliya,7655,3.7,37,366,2,FALSE,197,5897.0
Saduthara Plant nursery,Corn Seed,Nuwara Eliya,4893,4.0,34,441,1,TRUE,124,7802.8
Land mark agro Seeds,Tomato Seed,Ampara,4625,4.6,60,469,4,TRUE,467,7652.0
Land mark agro Seeds,Carrot Seed,Jaffna,7443,4.8,37,398,2,TRUE,382,6268.8
Purahanda Enterprises,Onion Seed,Galle,5629,4.6,55,544,2,FALSE,244,8100.4
Green Grove Fertilizer,Tomato Seed,Nuwara Eliya,5439,4.0,16,155,3,TRUE,444,5084.4
Land mark agro Seeds,Onion Seed,Matale,6622,4.3,11,237,1,TRUE,59,5522.2
Green Harvest Agriculture,Potato Seed,Matale,6221,4.5,14,116,4,TRUE,399,4406.6
Janogali,Tomato Seed,Ratnapura,6073,4.0,33,61,3,FALSE,133,3550.8
Saduthara Plant nursery,Carrot Seed,Matara,7399,4.0,58,687,5,TRUE,342,8780.4
Land mark agro Seeds,Onion Seed,Colombo,5973,4.2,42,67,3,FALSE,151,3464.8
Land mark agro Seeds,Chili Seed,Galle,6338,4.7,4,567,2,TRUE,44,9063.8
Purahanda Enterprises,Bean Seed,Kandy,4473,4.8,57,212,1,TRUE,397,5196.8
Green Grove Fertilizer,Carrot Seed,Matale,7400,3.9,14,325,3,FALSE,127,6043.0
Land mark agro Seeds,Corn Seed,Polonnaruwa,4131,4.2,37,253,5,FALSE,442,6161.6
Green Harvest Agriculture,Onion Seed,Badulla,6313,4.4,12,473,1,FALSE,414,7982.8
Janogali,Tomato Seed,Kurunegala,5430,3.6,46,509,5,TRUE,440,8040.0
Saduthara Plant nursery,Pumpkin Seed,Anuradhapura,3916,3.8,9,217,4,TRUE,181,6459.6
Land mark agro Seeds,Pumpkin Seed,Hambantota,6352,5.0,31,331,4,FALSE,428,6149.2
Land mark agro Seeds,Potato Seed,Anuradhapura,8812,3.7,22,93,2,TRUE,150,3004.2
Purahanda Enterprises,Rice Seed,Ampara,5067,4.9,3,567,3,TRUE,235,9586.2
Green Grove Fertilizer,Cabbage Seed,Hambantota,5922,4.9,52,383,1,FALSE,379,6424.2
Land mark agro Seeds,Rice Seed,Monaragala,4606,4.4,56,111,1,FALSE,472,4165.6
Green Harvest Agriculture,Cabbage Seed,Nuwara Eliya,5699,4.5,10,435,2,FALSE,49,7885.4
Janogali,Rice Seed,Galle,4799,3.8,49,69,1,FALSE,260,3826.4
Saduthara Plant nursery,Pumpkin Seed,Polonnaruwa,5655,3.8,32,289,3,TRUE,282,6024.0
Land mark agro Seeds,Tomato Seed,Kurunegala,6559,4.5,39,289,2,FALSE,268,5501.4
Land mark agro Seeds,Bean Seed,Matara,3685,4.4,18,69,4,TRUE,179,4874.0
Purahanda Enterprises,Potato Seed,Matale,5574,4.2,33,408,4,TRUE,94,7214.4
Green Grove Fertilizer,Rice Seed,Galle,3799,3.8,28,645,3,TRUE,371,10406.4
Land mark agro Seeds,Rice Seed,Matale,5059,4.3,22,569,1,FALSE,73,9247.4
Green Harvest Agriculture,Bean Seed,Monaragala,3912,4.5,53,467,5,TRUE,285,8060.2
Janogali,Carrot Seed,Monaragala,6593,4.4,26,300,4,TRUE,245,5860.8
Saduthara Plant nursery,Onion Seed,Galle,7750,4.5,40,332,2,TRUE,114,5435.0
Land mark agro Seeds,Cabbage Seed,Polonnaruwa,4588,4.3,53,696,2,TRUE,394,10085.8
Land mark agro Seeds,Onion Seed,Ampara,6113,3.6,41,263,5,FALSE,310,5406.8
Purahanda Enterprises,Cabbage Seed,Hambantota,5623,4.9,21,516,3,TRUE,295,8493.8
Green Grove Fertilizer,Carrot Seed,Ratnapura,7125,3.6,10,299,2,FALSE,154,5982.0
Land mark agro Seeds,Rice Seed,Anuradhapura,4567,4.1,26,642,5,FALSE,38,10100.2
Green Harvest Agriculture,Onion Seed,Monaragala,8476,5.0,27,102,5,FALSE,249,3089.6
Janogali,Cabbage Seed,Jaffna,5574,4.7,56,199,1,TRUE,105,4649.4
Saduthara Plant nursery,Corn Seed,Jaffna,3828,4.6,12,145,5,TRUE,234,5690.8
Land mark agro Seeds,Pumpkin Seed,Ampara,5446,4.6,17,641,3,FALSE,106,9903.6
Land mark agro Seeds,Bean Seed,Matale,5950,4.6,44,228,2,FALSE,323,5032.0
Purahanda Enterprises,Potato Seed,Colombo,7474,4.1,49,211,1,FALSE,61,4167.4
Green Grove Fertilizer,Tomato Seed,Badulla,6576,4.3,37,330,4,FALSE,180,5950.6
Land mark agro Seeds,Tomato Seed,Jaffna,6968,4.3,11,524,3,FALSE,326,8253.8
Green Harvest Agriculture,Pumpkin Seed,Monaragala,4772,3.6,16,537,1,TRUE,412,9183.2
Janogali,Carrot Seed,Matara,6173,4.7,38,132,4,TRUE,95,4099.8
Saduthara Plant nursery,Tomato Seed,Nuwara Eliya,4560,4.2,43,605,3,FALSE,473,9390.0
Land mark agro Seeds,Tomato Seed,Hambantota,6653,4.8,11,549,2,TRUE,398,8614.8
Land mark agro Seeds,Rice Seed,Polonnaruwa,5015,4.6,59,172,1,TRUE,421,4546.0
Purahanda Enterprises,Corn Seed,Matale,3157,3.9,13,462,5,TRUE,69,9130.2
Green Grove Fertilizer,Bean Seed,Jaffna,4501,4.6,28,199,1,FALSE,271,5641.6
Land mark agro Seeds,Bean Seed,Galle,4581,4.9,5,473,1,FALSE,190,8800.6
Green Harvest Agriculture,Pumpkin Seed,Galle,4378,4.7,33,467,3,TRUE,225,8267.8
Janogali,Cabbage Seed,Kurunegala,6129,4.4,45,641,1,FALSE,30,9076.4
Saduthara Plant nursery,Tomato Seed,Galle,4629,4.6,37,466,4,TRUE,211,8080.4
Land mark agro Seeds,Bean Seed,Hambantota,5224,4.5,54,85,5,TRUE,383,3695.4
Land mark agro Seeds,Bean Seed,Kandy,6341,3.6,10,250,5,TRUE,62,5805.6
Purahanda Enterprises,Pumpkin Seed,Matara,5022,4.4,7,371,1,TRUE,98,7579.2
Green Grove Fertilizer,Pumpkin Seed,Hambantota,4681,3.7,33,238,4,TRUE,488,5886.6
Land mark agro Seeds,Corn Seed,Nuwara Eliya,4016,4.6,36,394,2,TRUE,38,7625.6
Green Harvest Agriculture,Cabbage Seed,Ratnapura,5042,4.9,39,263,5,TRUE,354,5836.2
Janogali,Tomato Seed,Badulla,6407,4.5,54,453,1,FALSE,166,6902.2
Saduthara Plant nursery,Onion Seed,Monaragala,8206,3.5,21,304,3,FALSE,434,5382.6
Land mark agro Seeds,Onion Seed,Jaffna,6044,3.5,52,529,1,FALSE,277,7877.4
Land mark agro Seeds,Potato Seed,Ratnapura,5901,4.5,43,125,4,TRUE,399,4044.6
Purahanda Enterprises,Carrot Seed,Matale,7538,4.7,55,371,4,TRUE,460,5603.8
Green Grove Fertilizer,Potato Seed,Colombo,8041,4.2,41,234,2,TRUE,408,4327.6
Land mark agro Seeds,Chili Seed,Ampara,4705,4.2,42,378,2,FALSE,498,7082.0
Green Harvest Agriculture,Onion Seed,Nuwara Eliya,6190,4.5,21,700,3,TRUE,274,10119.0
Janogali,Cabbage Seed,Kurunegala,6675,3.9,40,112,3,FALSE,265,3683.0
Saduthara Plant nursery,Cabbage Seed,Jaffna,5338,4.5,12,630,4,FALSE,238,9939.8
Land mark agro Seeds,Onion Seed,Hambantota,7581,4.2,42,587,2,TRUE,149,8021.6
Land mark agro Seeds,Bean Seed,Matale,6443,4.5,27,175,4,FALSE,266,4647.8
Purahanda Enterprises,Chili Seed,Ampara,4079,3.5,6,191,4,TRUE,340,6203.4
Green Grove Fertilizer,Onion Seed,Ratnapura,5315,4.1,3,672,1,TRUE,205,10561.0
Land mark agro Seeds,Pumpkin Seed,Kandy,6126,4.8,12,313,5,TRUE,57,6445.6
Green Harvest Agriculture,Cabbage Seed,Nuwara Eliya,4304,4.0,6,428,3,FALSE,323,8468.4
Janogali,Corn Seed,Anuradhapura,4851,4.2,37,217,5,TRUE,366,5513.6
Saduthara Plant nursery,Pumpkin Seed,Matale,5080,4.3,15,137,5,FALSE,189,5059.0
Land mark agro Seeds,Rice Seed,Ampara,4301,3.9,18,342,1,TRUE,306,7372.6
Land mark agro Seeds,Bean Seed,Matara,3863,4.1,3,242,3,TRUE,420,6841.8
Purahanda Enterprises,Chili Seed,Ratnapura,5248,4.5,26,387,1,FALSE,57,7265.8
Green Grove Fertilizer,Rice Seed,Badulla,4942,3.8,34,471,2,FALSE,348,8089.2
Land mark agro Seeds,Cabbage Seed,Nuwara Eliya,4092,4.1,52,261,2,TRUE,260,5960.2
Green Harvest Agriculture,Cabbage Seed,Ratnapura,5341,4.5,12,493,1,FALSE,428,8568.6
Janogali,Pumpkin Seed,Matale,6590,4.5,15,158,1,FALSE,379,4659.0
Saduthara Plant nursery,Pumpkin Seed,Ratnapura,5902,4.1,35,88,2,FALSE,83,3846.2
Land mark agro Seeds,Cabbage Seed,Nuwara Eliya,6111,4.2,54,72,1,FALSE,44,3219.6
Land mark agro Seeds,Corn Seed,Nuwara Eliya,3608,4.2,53,146,3,TRUE,209,4980.8
Purahanda Enterprises,Corn Seed,Hambantota,3195,4.6,28,243,5,TRUE,150,6604.0
Green Grove Fertilizer,Rice Seed,Polonnaruwa,4873,4.5,11,214,2,TRUE,145,5985.8
Land mark agro Seeds,Onion Seed,Ampara,6021,4.6,19,508,1,FALSE,482,8303.6
Green Harvest Agriculture,Potato Seed,Monaragala,8422,4.4,50,243,1,FALSE,430,4079.2
Janogali,Corn Seed,Galle,4295,5.0,36,574,4,TRUE,35,9302.0
Saduthara Plant nursery,Carrot Seed,Kurunegala,6584,4.3,41,530,1,TRUE,427,7867.4
Land mark agro Seeds,Potato Seed,Polonnaruwa,7522,4.1,13,605,3,TRUE,47,8808.2
Land mark agro Seeds,Tomato Seed,Colombo,4670,4.1,39,498,4,FALSE,22,8359.0
Purahanda Enterprises,Cabbage Seed,Kurunegala,5806,4.9,59,105,3,TRUE,291,3550.6
Green Grove Fertilizer,Cabbage Seed,Jaffna,4062,4.6,59,286,5,FALSE,428,6067.2
Land mark agro Seeds,Carrot Seed,Galle,7480,4.6,14,603,3,FALSE,27,8770.0
Green Harvest Agriculture,Pumpkin Seed,Kurunegala,4198,4.4,38,481,3,FALSE,489,8388.8
Janogali,Corn Seed,Polonnaruwa,4107,4.9,19,558,4,TRUE,149,9560.2
Saduthara Plant nursery,Bean Seed,Kurunegala,4018,3.6,50,217,2,TRUE,89,5604.8
Land mark agro Seeds,Chili Seed,Hambantota,6479,4.6,22,197,1,TRUE,462,4950.4
Land mark agro Seeds,Carrot Seed,Anuradhapura,5100,4.1,56,507,3,FALSE,280,7937.0
Purahanda Enterprises,Potato Seed,Ampara,6242,4.6,28,482,2,FALSE,162,7775.2
Green Grove Fertilizer,Cabbage Seed,Hambantota,6940,4.4,47,332,1,FALSE,428,5622.0
Land mark agro Seeds,Pumpkin Seed,Colombo,5590,3.8,45,645,5,TRUE,455,9350.0
Green Harvest Agriculture,Chili Seed,Anuradhapura,5649,4.3,23,470,4,FALSE,40,8001.4
Janogali,Rice Seed,Anuradhapura,4651,4.6,40,131,5,FALSE,452,4661.6
Saduthara Plant nursery,Pumpkin Seed,Polonnaruwa,6421,4.9,24,629,2,TRUE,294,9244.6
Land mark agro Seeds,Cabbage Seed,Badulla,4272,3.6,10,55,2,TRUE,133,4683.2
Land mark agro Seeds,Cabbage Seed,Galle,6279,3.8,25,599,1,TRUE,131,9014.4
Purahanda Enterprises,Chili Seed,Nuwara Eliya,5552,4.6,23,162,2,TRUE,164,4951.2
Green Grove Fertilizer,Potato Seed,Matara,5916,3.5,39,151,3,TRUE,181,4408.6
Land mark agro Seeds,Onion Seed,Kurunegala,7522,4.2,52,216,5,FALSE,461,4135.2
Green Harvest Agriculture,Rice Seed,Monaragala,3649,4.6,35,528,2,TRUE,384,9132.4
Janogali,Rice Seed,Polonnaruwa,3564,4.0,29,502,3,FALSE,433,9044.4
Saduthara Plant nursery,Bean Seed,Jaffna,3872,3.8,59,141,4,FALSE,132,4717.2
Land mark agro Seeds,Bean Seed,Jaffna,4440,4.8,4,219,1,TRUE,310,6340.0
Land mark agro Seeds,Corn Seed,Kandy,4287,4.9,60,151,3,FALSE,275,4598.2
Purahanda Enterprises,Onion Seed,Galle,6787,4.6,52,643,3,TRUE,62,8687.2
Green Grove Fertilizer,Corn Seed,Badulla,3615,4.7,34,336,2,FALSE,35,7243.0
Land mark agro Seeds,Rice Seed,Ampara,5375,4.0,28,149,2,TRUE,368,4810.0
Green Harvest Agriculture,Rice Seed,Galle,4138,4.9,24,526,2,TRUE,86,9127.8
Janogali,Cabbage Seed,Kandy,4768,4.5,31,495,5,FALSE,323,8437.8
Saduthara Plant nursery,Carrot Seed,Ampara,6124,4.9,50,580,3,TRUE,488,8353.4
Land mark agro Seeds,Onion Seed,Galle,8177,3.7,20,602,5,TRUE,24,8388.2
Land mark agro Seeds,Rice Seed,Galle,5169,4.9,20,658,1,TRUE,432,10115.4
Purahanda Enterprises,Corn Seed,Ratnapura,3390,4.8,47,316,5,FALSE,500,6870.0
Green Grove Fertilizer,Carrot Seed,Anuradhapura,7092,4.5,22,142,4,TRUE,49,4158.2
Land mark agro Seeds,Carrot Seed,Jaffna,6878,4.8,4,428,4,TRUE,406,7454.8
Green Harvest Agriculture,Chili Seed,Polonnaruwa,5710,4.5,26,392,4,TRUE,461,7131.0
Janogali,Potato Seed,Ratnapura,7317,4.6,30,675,1,TRUE,132,9235.2
Saduthara Plant nursery,Chili Seed,Nuwara Eliya,4538,4.7,36,94,5,FALSE,117,4413.8
Land mark agro Seeds,Cabbage Seed,Ratnapura,6314,4.2,36,72,3,FALSE,261,3498.4
Land mark agro Seeds,Chili Seed,Hambantota,5150,4.3,54,448,2,TRUE,96,7361.0
Purahanda Enterprises,Cabbage Seed,Badulla,6682,4.0,9,594,5,FALSE,59,9117.2
Green Grove Fertilizer,Bean Seed,Jaffna,4550,4.9,44,228,1,TRUE,201,5583.0
Land mark agro Seeds,Tomato Seed,Matale,5282,4.9,46,651,2,FALSE,355,9480.2
Green Harvest Agriculture,Onion Seed,Monaragala,6419,4.0,18,572,3,FALSE,420,8822.4
Janogali,Potato Seed,Matara,8411,4.8,21,450,1,TRUE,275,6721.6
Saduthara Plant nursery,Rice Seed,Nuwara Eliya,4393,4.4,42,644,4,TRUE,430,9860.8
Land mark agro Seeds,Carrot Seed,Ampara,6755,4.3,53,260,1,FALSE,316,4859.0
Land mark agro Seeds,Onion Seed,Monaragala,7978,4.7,5,76,3,TRUE,338,3477.8
Purahanda Enterprises,Carrot Seed,Nuwara Eliya,5979,3.9,42,671,4,FALSE,182,9511.4
Green Grove Fertilizer,Chili Seed,Matale,5282,3.6,32,516,4,TRUE,499,8449.2
Land mark agro Seeds,Chili Seed,Monaragala,5313,4.7,57,687,5,FALSE,27,9613.8
Green Harvest Agriculture,Tomato Seed,Nuwara Eliya,4706,3.6,6,79,4,TRUE,161,4829.6
Janogali,Bean Seed,Matara,4455,4.4,24,330,2,FALSE,73,7056.0
Saduthara Plant nursery,Tomato Seed,Jaffna,4824,4.4,40,421,5,TRUE,61,7498.4
Land mark agro Seeds,Carrot Seed,Anuradhapura,6459,4.2,28,77,4,TRUE,179,3650.4
Land mark agro Seeds,Rice Seed,Hambantota,3543,3.9,57,451,1,FALSE,349,7985.8
Purahanda Enterprises,Corn Seed,Anuradhapura,3439,4.3,55,72,3,FALSE,30,4265.4
Green Grove Fertilizer,Onion Seed,Nuwara Eliya,6174,3.6,42,422,3,TRUE,83,6952.4
Land mark agro Seeds,Bean Seed,Matara,4327,4.7,9,416,4,TRUE,224,8258.2
Green Harvest Agriculture,Cabbage Seed,Hambantota,6060,4.1,10,486,1,TRUE,420,8263.0
Janogali,Tomato Seed,Polonnaruwa,6394,3.9,60,601,3,TRUE,134,8285.4
Saduthara Plant nursery,Chili Seed,Colombo,4391,4.1,58,468,1,TRUE,301,7790.6
Land mark agro Seeds,Bean Seed,Nuwara Eliya,6248,3.7,53,659,4,FALSE,331,9069.8
Land mark agro Seeds,Chili Seed,Jaffna,6772,3.7,18,407,5,TRUE,212,7040.2
Purahanda Enterprises,Carrot Seed,Jaffna,7341,3.6,8,67,1,TRUE,247,3615.6
Green Grove Fertilizer,Corn Seed,Matale,4620,3.9,42,274,4,TRUE,426,6085.0
Land mark agro Seeds,Potato Seed,Badulla,5580,3.9,28,606,1,TRUE,184,9301.0
Green Harvest Agriculture,Tomato Seed,Ratnapura,5977,4.4,48,215,1,FALSE,139,4817.2
Janogali,Potato Seed,Matale,8528,4.6,36,471,5,TRUE,132,6590.8
Saduthara Plant nursery,Corn Seed,Matara,3580,4.4,5,465,1,FALSE,88,9136.0
Land mark agro Seeds,Carrot Seed,Ampara,6235,3.5,22,679,1,TRUE,217,9901.0
Land mark agro Seeds,Rice Seed,Anuradhapura,4702,3.7,3,483,4,TRUE,340,8928.2
Purahanda Enterprises,Corn Seed,Kandy,4125,4.8,35,292,1,FALSE,242,6576.0
Green Grove Fertilizer,Onion Seed,Matale,7423,4.6,27,261,5,FALSE,103,5112.8
Land mark agro Seeds,Onion Seed,Ampara,7578,4.0,40,302,2,TRUE,438,5218.8
Green Harvest Agriculture,Pumpkin Seed,Matale,4013,3.9,41,365,1,FALSE,42,7257.8
Janogali,Potato Seed,Matara,7214,4.7,48,252,5,FALSE,404,4683.4
Saduthara Plant nursery,Corn Seed,Kurunegala,4795,4.7,35,180,1,FALSE,218,5191.0
Land mark agro Seeds,Cabbage Seed,Kurunegala,5987,4.4,52,214,2,TRUE,89,4723.2
Land mark agro Seeds,Chili Seed,Ampara,4307,4.3,48,648,2,TRUE,277,9818.2
Purahanda Enterprises,Chili Seed,Kurunegala,5156,4.2,31,341,1,FALSE,344,6751.6
Green Grove Fertilizer,Onion Seed,Nuwara Eliya,7831,3.8,24,306,5,FALSE,453,5483.6
Land mark agro Seeds,Rice Seed,Kurunegala,4745,4.2,13,699,4,TRUE,479,10856.0
Green Harvest Agriculture,Onion Seed,Polonnaruwa,5430,3.8,56,511,4,FALSE,360,7854.0
Janogali,Bean Seed,Galle,6292,4.9,12,591,3,FALSE,437,9156.2
Saduthara Plant nursery,Bean Seed,Badulla,5969,3.8,16,129,5,FALSE,75,4618.4
Land mark agro Seeds,Tomato Seed,Ratnapura,5165,4.8,13,213,3,FALSE,89,5810.0
Land mark agro Seeds,Chili Seed,Hambantota,6651,5.0,32,501,2,FALSE,205,7709.6
Purahanda Enterprises,Corn Seed,Matale,3332,3.8,50,299,4,TRUE,289,6693.2
Green Grove Fertilizer,Cabbage Seed,Kurunegala,6738,4.6,11,612,2,FALSE,460,9216.8
Land mark agro Seeds,Pumpkin Seed,Ampara,4987,4.9,52,198,1,TRUE,399,4948.2
Green Harvest Agriculture,Corn Seed,Anuradhapura,4950,3.6,40,581,1,FALSE,361,9072.0
Janogali,Rice Seed,Anuradhapura,4012,4.1,43,453,5,TRUE,361,8092.2
Saduthara Plant nursery,Cabbage Seed,Galle,5121,3.6,45,592,2,TRUE,175,9013.6
Land mark agro Seeds,Pumpkin Seed,Anuradhapura,4888,4.0,44,64,2,TRUE,254,3834.8
Land mark agro Seeds,Chili Seed,Hambantota,4459,4.5,50,362,1,TRUE,241,6851.4
Purahanda Enterprises,Corn Seed,Colombo,4609,4.8,27,625,4,FALSE,135,9872.4
Green Grove Fertilizer,Pumpkin Seed,Hambantota,5793,3.7,48,683,5,TRUE,269,9591.8
Land mark agro Seeds,Corn Seed,Colombo,3050,4.9,6,469,4,TRUE,223,9353.0
Green Harvest Agriculture,Chili Seed,Matale,6411,4.2,54,239,4,TRUE,205,4769.6
Janogali,Cabbage Seed,Colombo,5804,4.2,18,340,1,FALSE,157,6742.4
Saduthara Plant nursery,Bean Seed,Polonnaruwa,4872,4.8,56,470,4,TRUE,213,7637.2
Land mark agro Seeds,Cabbage Seed,Matale,4335,4.7,15,293,3,FALSE,29,6905.0
Land mark agro Seeds,Corn Seed,Ampara,4313,3.7,45,90,5,TRUE,73,4313.8
Purahanda Enterprises,Potato Seed,Ratnapura,7464,4.2,60,420,2,FALSE,55,6038.4
Green Grove Fertilizer,Onion Seed,Kandy,7387,4.6,29,85,1,TRUE,400,3327.2
Land mark agro Seeds,Bean Seed,Hambantota,6206,4.0,26,173,3,TRUE,267,4757.6
Green Harvest Agriculture,Bean Seed,Ampara,4958,3.8,24,319,3,FALSE,170,6762.8
Janogali,Pumpkin Seed,Badulla,5767,4.6,34,638,5,TRUE,287,9405.2
Saduthara Plant nursery,Tomato Seed,Matale,4547,4.7,24,204,3,TRUE,180,5750.2
Land mark agro Seeds,Cabbage Seed,Ampara,4724,3.7,34,291,3,TRUE,90,6379.4
Land mark agro Seeds,Tomato Seed,Galle,7048,4.1,29,183,1,TRUE,117,4457.8
Purahanda Enterprises,Onion Seed,Badulla,8351,5.0,6,181,4,FALSE,416,4349.6
Green Grove Fertilizer,Onion Seed,Nuwara Eliya,5315,4.1,9,419,4,TRUE,65,7911.0
Land mark agro Seeds,Pumpkin Seed,Nuwara Eliya,4369,4.2,37,657,5,TRUE,273,10106.4
Green Harvest Agriculture,Tomato Seed,Kandy,6307,4.4,14,388,2,FALSE,384,7095.2
Janogali,Tomato Seed,Colombo,4802,3.7,4,692,3,TRUE,40,10958.2
Saduthara Plant nursery,Chili Seed,Kandy,5356,3.8,60,397,2,FALSE,313,6663.6
Land mark agro Seeds,Tomato Seed,Hambantota,6530,4.6,30,445,1,FALSE,110,7250.0
Land mark agro Seeds,Bean Seed,Jaffna,5232,4.9,43,460,5,TRUE,179,7650.2
Purahanda Enterprises,Carrot Seed,Monaragala,5592,4.4,45,149,3,TRUE,278,4371.2
Green Grove Fertilizer,Carrot Seed,Matale,6963,4.3,56,617,4,FALSE,349,8285.8
Land mark agro Seeds,Potato Seed,Matara,8291,3.7,59,88,4,FALSE,477,2422.6
Green Harvest Agriculture,Tomato Seed,Badulla,5219,4.5,8,631,1,FALSE,315,10077.4
Janogali,Tomato Seed,Ratnapura,4795,3.7,49,321,5,TRUE,195,6351.0
Saduthara Plant nursery,Rice Seed,Anuradhapura,5311,4.6,20,326,4,TRUE,135,6747.6
Land mark agro Seeds,Tomato Seed,Monaragala,5094,3.6,54,581,1,TRUE,484,8734.4
Land mark agro Seeds,Tomato Seed,Ratnapura,7434,4.3,28,438,3,FALSE,493,6867.4
Purahanda Enterprises,Chili Seed,Monaragala,5814,4.8,57,194,1,FALSE,92,4480.4
Green Grove Fertilizer,Cabbage Seed,Anuradhapura,6481,4.7,57,195,3,FALSE,113,4226.6
Land mark agro Seeds,Carrot Seed,Galle,5785,3.5,26,295,4,FALSE,342,6161.0
Green Harvest Agriculture,Tomato Seed,Matara,4726,3.9,34,683,3,TRUE,461,10292.6
Janogali,Pumpkin Seed,Hambantota,6535,4.9,47,133,2,TRUE,271,3779.0
Saduthara Plant nursery,Pumpkin Seed,Anuradhapura,5662,3.5,5,207,5,FALSE,401,5750.2
Land mark agro Seeds,Tomato Seed,Ratnapura,4799,3.7,18,528,5,FALSE,301,9039.4
Land mark agro Seeds,Rice Seed,Badulla,3640,4.0,6,634,3,TRUE,112,10794.0
Purahanda Enterprises,Tomato Seed,Anuradhapura,6970,3.6,21,314,2,FALSE,124,5974.0
Green Grove Fertilizer,Bean Seed,Polonnaruwa,6177,4.2,16,286,3,FALSE,442,6093.2
Land mark agro Seeds,Bean Seed,Badulla,4767,4.0,16,124,2,TRUE,99,5043.2
Green Harvest Agriculture,Chili Seed,Monaragala,4607,3.8,36,71,4,TRUE,455,4183.2
Janogali,Onion Seed,Ampara,8490,4.0,33,680,4,TRUE,139,8774.0
Saduthara Plant nursery,Pumpkin Seed,Nuwara Eliya,6026,3.6,20,690,4,FALSE,307,10131.6
Land mark agro Seeds,Chili Seed,Anuradhapura,5199,3.7,60,203,3,FALSE,280,4789.4
Land mark agro Seeds,Pumpkin Seed,Kandy,4833,4.5,24,395,5,TRUE,161,7551.8
Purahanda Enterprises,Corn Seed,Galle,3821,3.9,39,501,3,TRUE,40,8734.6
Green Grove Fertilizer,Chili Seed,Badulla,5338,3.8,9,379,1,TRUE,181,7510.8
Land mark agro Seeds,Onion Seed,Hambantota,6757,4.2,44,470,3,FALSE,137,7141.2
Green Harvest Agriculture,Carrot Seed,Ampara,6247,4.3,4,362,4,TRUE,474,7062.2
Janogali,Bean Seed,Ratnapura,4173,4.6,54,322,2,TRUE,356,6482.8
Saduthara Plant nursery,Rice Seed,Colombo,4134,4.2,37,641,3,FALSE,416,10040.4
Land mark agro Seeds,Pumpkin Seed,Badulla,5239,3.7,24,67,5,FALSE,158,4133.4
Land mark agro Seeds,Corn Seed,Polonnaruwa,4423,3.8,16,528,1,FALSE,106,9226.8
Purahanda Enterprises,Chili Seed,Galle,6563,3.6,22,359,2,TRUE,378,6566.8
Green Grove Fertilizer,Pumpkin Seed,Badulla,4047,4.9,54,340,2,TRUE,471,6704.2
Land mark agro Seeds,Rice Seed,Polonnaruwa,5018,3.7,11,192,5,FALSE,169,5731.8
Green Harvest Agriculture,Cabbage Seed,Monaragala,5199,3.8,42,331,4,TRUE,158,6426.4
Janogali,Onion Seed,Monaragala,6154,4.5,59,474,2,TRUE,481,7113.4
Saduthara Plant nursery,Chili Seed,Ratnapura,4387,4.9,21,167,2,TRUE,314,5498.2
Land mark agro Seeds,Carrot Seed,Monaragala,4665,4.4,50,351,3,FALSE,35,6662.0
Land mark agro Seeds,Rice Seed,Ratnapura,3580,4.2,55,239,5,TRUE,326,5882.0
Purahanda Enterprises,Carrot Seed,Badulla,6155,3.7,56,440,1,TRUE,476,6857.0
Green Grove Fertilizer,Tomato Seed,Ampara,6526,3.9,2,373,3,FALSE,257,7112.6
Land mark agro Seeds,Pumpkin Seed,Hambantota,4977,4.2,4,219,2,FALSE,192,6143.2
Green Harvest Agriculture,Corn Seed,Matara,3848,5.0,20,253,5,FALSE,460,6590.8
Janogali,Potato Seed,Matara,7183,4.4,22,385,4,FALSE,256,6554.8
Saduthara Plant nursery,Corn Seed,Anuradhapura,3389,4.5,14,624,2,TRUE,500,10619.4
Land mark agro Seeds,Onion Seed,Matara,5049,4.9,60,428,4,FALSE,385,7063.4
Land mark agro Seeds,Corn Seed,Matale,3496,4.1,32,584,3,TRUE,74,9828.6
Purahanda Enterprises,Potato Seed,Nuwara Eliya,5963,3.5,53,176,5,FALSE,449,4359.8
Green Grove Fertilizer,Pumpkin Seed,Colombo,4246,4.8,42,121,1,FALSE,181,4677.6
Land mark agro Seeds,Potato Seed,Hambantota,8038,4.0,31,83,3,TRUE,414,3024.8
Green Harvest Agriculture,Cabbage Seed,Monaragala,5237,3.9,46,287,5,TRUE,278,5888.2
Janogali,Pumpkin Seed,Polonnaruwa,6604,5.0,17,336,5,TRUE,269,6378.4
Saduthara Plant nursery,Onion Seed,Matara,8039,3.6,46,127,2,FALSE,49,3176.4
Land mark agro Seeds,Cabbage Seed,Ratnapura,6827,4.0,48,418,2,TRUE,491,6519.2
Land mark agro Seeds,Bean Seed,Kandy,4761,4.1,47,408,4,TRUE,315,7262.6
Purahanda Enterprises,Carrot Seed,Colombo,7751,3.7,17,385,5,TRUE,332,6448.6
Green Grove Fertilizer,Tomato Seed,Kandy,7431,4.9,48,490,1,TRUE,278,6970.6
Land mark agro Seeds,Carrot Seed,Matara,6801,3.7,3,295,3,FALSE,386,6208.6
Green Harvest Agriculture,Rice Seed,Kurunegala,4857,4.1,6,306,3,TRUE,136,7024.2
Janogali,Bean Seed,Kurunegala,5696,4.2,31,268,2,TRUE,445,5805.6
Saduthara Plant nursery,Potato Seed,Ratnapura,8134,3.9,8,278,5,FALSE,367,5399.4
Land mark agro Seeds,Chili Seed,Matale,5162,4.9,16,176,5,FALSE,161,5378.2
Land mark agro Seeds,Tomato Seed,Badulla,6039,4.1,10,152,4,FALSE,159,4931.4
Purahanda Enterprises,Rice Seed,Jaffna,3987,4.4,31,201,5,FALSE,209,5813.2
Green Grove Fertilizer,Corn Seed,Jaffna,4025,3.7,19,326,5,FALSE,444,7309.0
Land mark agro Seeds,Bean Seed,Monaragala,4486,4.0,42,682,1,TRUE,228,10215.6
Green Harvest Agriculture,Onion Seed,Badulla,8277,3.6,44,685,5,FALSE,399,8701.2
Janogali,Chili Seed,Kandy,6156,4.6,3,431,5,TRUE,266,7799.6
Saduthara Plant nursery,Onion Seed,Polonnaruwa,5678,4.4,13,92,2,TRUE,52,4406.8
Land mark agro Seeds,Bean Seed,Kurunegala,5434,4.3,8,99,3,TRUE,62,4677.4
Land mark agro Seeds,Onion Seed,Matale,5646,4.1,40,193,3,TRUE,450,4898.6
Purahanda Enterprises,Pumpkin Seed,Monaragala,3934,4.7,58,114,2,FALSE,403,4415.4